0,-259.25664929057723,-830.5793034743356,79.9483697000812,0.010158877357659574,0.010406023258719723,-0.7464172168228995,0.665319359647025
1,-259.6981499212497,-832.2529637249426,80.03360904126153,0.01323705012048883,0.007939811741106256,-0.7513363018303586,0.6597389646257857
2,-259.7649647048212,-832.8074658309785,80.06841405440113,0.01326031399243861,0.014717213109394094,-0.7444535335895425,0.667380329375356
3,-260.06758371522835,-833.6752788468525,79.69070887897091,0.012760985598698895,0.015107133531566785,-0.7603143436506956,0.6492542110776188
4,-260.22747525638977,-834.283911974482,79.72781042231144,0.010977098143215845,0.00868509910223597,-0.7593079857206826,0.6505808598404491
5,-260.4194992988971,-835.1424000898533,79.64342864622435,0.00262177305380824,0.0028613226131243,-0.7617632350138464,0.647843895487329
6,-260.5415154811817,-835.7850199967651,79.51042747936623,0.0031649918350723726,0.003178837998527465,-0.7536621288669495,0.6572467370230152
7,-260.6980055093192,-836.6301779281979,79.54114600401678,-0.006198852323188673,-0.0006251180032679385,-0.7753784670504218,0.6314660848310819
8,-260.81629281789003,-837.2572536096486,79.6940340400912,-0.007374069799777666,0.001339099017581973,-0.7701873288736397,0.6377737124959739
9,-260.9675505138437,-838.1506390029741,79.49542383528767,-0.0016182032304593906,2.7318598399871238e-05,-0.7624739944518152,0.6470168378463521
10,-261.027674452929,-838.8128220304617,79.55046166215539,0.0037916437813196547,0.004273484747291768,-0.7570288832920198,0.6533564345953805
11,-261.1108220535802,-839.684313708221,79.53550013272246,-0.0010280942199911672,0.0031296697971015786,-0.7416131420374934,0.6708197192588427
12,-261.14200489830785,-840.2491483605085,79.41020938838719,-0.0006326799062967665,0.00457270550459899,-0.7374485377424653,0.675387551160076
13,-261.1815507066622,-841.0165108601078,79.43115067657423,-0.011277426222641468,-0.008158585269795984,-0.7391475743005945,0.6733996737077732
14,-261.18529021608504,-841.3444798864072,79.51586145196389,-0.022172963765314108,-0.01782467243503899,-0.7374514282937276,0.6748007347639648
15,-261.16625354196486,-841.5250521855852,79.15608219298285,-0.03798804252152449,-0.03243500045349341,-0.735678602410334,0.6754863975880954
16,-261.1497900095396,-841.5687262412739,79.36500328600884,-0.047710409996122805,-0.03653356190983778,-0.7368470837403513,0.6733835391628767
17,-261.12559647070736,-841.5931614498683,79.12043255294778,-0.06188806405912589,-0.04777916111106045,-0.7304746217940489,0.678449590025212
18,-261.1095735769353,-841.5998165755706,79.27315528345368,-0.07171515205894126,-0.06356964646076463,-0.7088017125686474,0.6988676335857661
19,-261.09653994640564,-841.6960176102348,78.9434846357329,-0.08954728409788311,-0.07797175247112306,-0.7233426889605624,0.680203678360076
20,-261.10293279210543,-842.1771966784788,79.00230702149433,-0.09606467540393389,-0.08632426618721692,-0.7111236154784948,0.6911026716165765
21,-261.1437781635823,-843.4729725956472,78.66036488555008,-0.021816197508037812,-0.015870797359586748,-0.7303698160715318,0.6825189397292195
22,-261.1891099080401,-844.3498700004166,78.39681750312307,-0.023146547755879144,-0.015543629584572493,-0.7308064611233897,0.682015065293011
23,-261.2675349217843,-845.9152268693559,78.32378004677767,-0.015424015283160297,-0.006728618700554987,-0.7163881899889216,0.6974989510295512
24,-261.2880588469307,-846.8707746781844,78.02891810297231,-0.012947414379506673,-0.0012697655401318238,-0.7220634653379002,0.691704491947668
25,-261.40054745881315,-848.3687820241632,77.99439201752152,-0.01572701751850094,-0.007823067625150937,-0.742386133910156,0.6697419568093649
26,-261.52231153247163,-849.4470779597158,78.03076094175195,-0.007249621210930712,0.002883510203504038,-0.7416552279243269,0.6707359027618239
27,-261.6567848024932,-850.8232109642368,77.82675258919227,-0.0007161510862388398,0.009070179826999633,-0.7433720385199051,0.668816291153474
28,-261.76146883129695,-852.0049535948029,77.90322818125136,0.005600805883872382,0.010975223512859053,-0.7429017184223748,0.6692870925151451
29,-261.87827305862055,-853.334104367834,77.83121456018594,1.070702053214325e-05,0.008403139366256768,-0.750216484372912,0.6611388762652665
30,-262.0164213042562,-854.5114147969628,77.74538369302574,0.002992332252166015,0.01408476591090596,-0.753869424629912,0.6568664673471261
31,-262.13313416992054,-855.9623854071771,77.5666085030827,-0.00755581293359254,0.0018709418948852485,-0.7425699089335206,0.6697233306476649
32,-262.2074559111429,-857.1472885856991,77.45896207996552,-0.009588199562047624,0.0016600820133808696,-0.7315598209588539,0.6817078105137985
33,-262.2100234371028,-858.4121206945748,77.57717858420281,-0.015525269131086174,-0.0037638820526865865,-0.7135224505410771,0.7004502207752932
34,-262.1931590018372,-859.6496994730103,77.23085429993618,-0.023176280648624828,-0.012695979879570987,-0.6960541422232841,0.7175028245268461
35,-262.1303341533984,-861.1337668375309,77.17364752812908,-0.024322491727966883,-0.014130231703076594,-0.7144562397077618,0.6991144645126474
36,-262.09436888211366,-862.2194051106386,77.25111303999056,-0.01268278875789657,-0.0015701899328950282,-0.7080472702360588,0.7060493923828296
37,-262.0679663888456,-863.7020663955836,77.11385570581987,-0.0014504884333467914,0.009839221870180366,-0.7115492133749861,0.7025658707493073
38,-262.048471306397,-864.7175375707213,77.09251548846822,0.006326741709173155,0.015367685955268322,-0.7065409648951047,0.7074769759453805
39,-262.0393342829532,-866.2741022200445,76.95781370555683,0.005951246533212083,0.018201869271452644,-0.7055995757840995,0.7083519699083393
40,-262.02110543327524,-867.2322752469969,77.09527966526696,0.005452063049875342,0.01527769018198765,-0.6931165228003119,0.720643013573578
41,-262.04151126049163,-868.8634426165299,76.93635942451375,0.006466880155630998,0.015352758132793784,-0.7158771204787269,0.6980275214157784
42,-262.07174551267104,-869.8011819002085,77.00286644938743,-0.0009789520309043623,0.00934772403202248,-0.727955375636743,0.6855600869288635
43,-262.1799574709241,-871.4511277593773,76.95593980230453,0.0025640769238820995,0.01293447291890952,-0.7213779227196548,0.6924160725550167
44,-262.23026358311495,-872.2904054226128,76.83472840505043,0.0044778951282853545,0.01256079627498621,-0.7223983371707182,0.6913485497960778
45,-262.28346066716847,-873.9441309313356,76.81548247275285,0.009311439514843908,0.016935221400166827,-0.7193503991842949,0.6943784980568484
46,-262.33834802939776,-874.8833602294541,76.8233941731327,0.0012048584023052885,0.012337836795587366,-0.7257492591344681,0.6878476131856579
47,-262.4549633423715,-876.5601467744901,76.96925299791604,-0.0018179545460560356,0.009180731906858065,-0.7178664116262314,0.6961179672022558
48,-262.49893767374186,-877.3744221281053,76.80888053924798,-0.005139002630893069,0.006682963977870919,-0.7163840476208022,0.6976552335924001
49,-262.58416455819685,-878.9048197906426,76.92440841522873,-0.002019198968233727,0.008464431408085948,-0.7231494212622186,0.6906368009052098
50,-262.6479477416788,-879.8700973565742,76.8403016030817,0.0014647212621105403,0.01112236251404719,-0.7186787858597299,0.6952517172930355
51,-262.74793223909893,-881.6479934123224,76.88009484642315,0.0007454705730867341,0.011522387576312576,-0.7286990107120805,0.6847367601096067
52,-262.82462523324,-882.3879507881817,76.62356279042142,-0.006574560222471264,0.007162214531285892,-0.7312684758667114,0.6820204498726309
53,-262.94501837084044,-884.1875657354294,76.65462458534815,-0.0049241340317638365,0.005885871195907575,-0.7171382226498078,0.6968887135253212
54,-262.9915710972741,-884.8793650470459,76.49245988510094,-0.005055472367604754,0.0014747532668004453,-0.7277627251432125,0.685808780341917
55,-263.10627901024793,-886.8016232994614,76.4561797003622,-0.004862487090068699,0.003248083813073846,-0.7119277644880853,0.702228356250187
56,-263.1427283435232,-887.3677219034558,76.57682486284313,-0.008402907270885933,0.002781677115159562,-0.7122949028587077,0.7018244971382291
57,-263.22610464111403,-889.3168455437989,76.30654091682183,-0.004840554691576256,0.0037599359076446476,-0.7034896002302309,0.7106791218828356
58,-263.25144127700787,-889.8835770275324,76.46941772854056,-0.0028107930395673223,0.009312201517118396,-0.7055889448505827,0.7085546014599261
59,-263.2379493312523,-891.781511634065,76.35538829412704,0.004307609154723545,0.01325054958362157,-0.6894708833123897,0.7241793759169997
60,-263.2177728356803,-892.471531980989,76.29524896071541,0.003870377449659095,0.015437427101375656,-0.6770528751311282,0.7357622647972372
61,-263.06192785327374,-894.3087834722078,76.15456110933918,0.014058277819242057,0.026056343791465403,-0.6515640448155149,0.7580156510762979
62,-262.98616911463336,-894.991276837875,76.12071163313391,0.011857035987179108,0.02195252958415957,-0.6599378760349208,0.750905784314499
63,-262.7864779342246,-896.796543259357,76.14684006722464,0.014196953440022378,0.03014521831206239,-0.6501235483391888,0.7590975459193647
64,-262.7352374654944,-897.4306561890281,76.15604635054092,0.01905719666023415,0.03211235590357273,-0.658142121097296,0.7519671324541569
65,-262.611392338102,-899.3156589429128,76.30140841080998,0.020860662405646612,0.03062693885244251,-0.6660716991386587,0.7449666536074394
66,-262.59756173305897,-899.9765594152416,76.2607063867153,0.023176967173136075,0.03499568169373973,-0.6679985862399755,0.7429778053460546
67,-262.48322312698195,-901.7605713529383,76.41388205112897,0.020174696656953327,0.03356198315743407,-0.6681908877162089,0.7429586209704848
68,-262.47403193904154,-902.5190318559346,76.6239970143381,0.019767990926181107,0.03003151175057112,-0.6751663594772469,0.7367887905410605
69,-262.4338659832317,-904.2360238803407,76.33532714114422,0.019397943423804825,0.02882123383082713,-0.6831583096401009,0.7294434729580321
70,-262.4580345612727,-905.0819640447149,76.2660643129619,0.02386058688045757,0.03321511176453691,-0.693151733436987,0.7196305324105484
71,-262.50033084993964,-906.8032038073521,76.60475111024988,0.01770180810069421,0.02678957661996264,-0.6936346535822244,0.7196109587300326
72,-262.5486483778211,-907.5672273216256,76.5144277824242,0.0214265392677058,0.02565275520577444,-0.7052775254884378,0.708142959864933
73,-262.6268853501742,-909.3188214007608,76.4997652972733,0.010848469963093582,0.01570868435898847,-0.699810755313712,0.7140731437902014
74,-262.68888170796686,-910.1828785106591,76.80470454719014,0.013599599891363834,0.017749072728901354,-0.70660885920333,0.7072509748281917
75,-262.8013225159674,-911.9343347987135,76.7229768070346,0.008670089433207824,0.0135170566310546,-0.7127845550930448,0.7011991847899307
76,-262.8701943562852,-912.7484361070435,76.54352253454758,0.007880609248408475,0.00752597262180316,-0.704537473994268,0.7095831194946409
77,-262.9383393840233,-914.4990841116952,76.62938811516872,0.00583030727747145,0.01009004699495221,-0.7094492262125126,0.7046601974676568
78,-263.0170724936946,-915.2851368668736,76.39312757540482,0.01060282438656844,0.013634759120885182,-0.720721626606023,0.6930093869502141
79,-263.11523433453993,-917.0848039535455,76.5792143577822,0.018149573383204793,0.024239023854346013,-0.7138525991054735,0.6996410004130377
80,-263.18573851953613,-917.9050351281136,76.70959595825039,0.0245851419409402,0.027004999945557225,-0.7230178871979117,0.6898633455732752
81,-263.3087615161769,-919.5770561458384,76.6983965843486,0.02816436130089155,0.031135332694243085,-0.720842245825811,0.6918264352012957
82,-263.3730537705047,-920.3887784634047,76.58766850921614,0.03231748066391483,0.0370068771739542,-0.7091849596582603,0.7033084419228032
83,-263.40877523581395,-922.1115672759354,76.75728954667919,0.033526314280369535,0.03391481782673721,-0.7154288712144661,0.6970561681925984
84,-263.445418706622,-922.9474864511008,76.68780012459466,0.030639017894618988,0.03263385760514325,-0.7067745122561023,0.7060212962407075
85,-263.47781056298663,-924.5688184313269,76.7436247632211,0.012375543571061921,0.016679502020108934,-0.7484716906814366,0.6628414353238291
86,-263.5476043377028,-925.3533285663319,76.81839683780186,0.004569269333058739,0.014287071155762755,-0.7843126644042702,0.620184364387419
87,-263.88276212152647,-927.0856561887279,76.52738172240599,0.008282124329728918,0.0178693628528221,-0.8085527578751556,0.5880939806019965
88,-264.1108259966117,-927.8652432498735,76.675025858911,0.013584545506275627,0.02189945710603116,-0.8254178084730132,0.5639337863237645
89,-264.6948665061536,-929.4847102727804,76.79295923112241,0.010465396459110304,0.019053920134762856,-0.8448421816358884,0.5345737664094304
90,-264.99922519658935,-930.2150047905137,76.78667643699364,0.004017912499903558,0.013892945178379596,-0.8520399590005475,0.5232769350160189
91,-265.8178184988409,-931.7287829444668,76.6742043939403,-0.00015932279218253478,0.01239914812178302,-0.8629906756682239,0.5050676483915838
92,-266.24165632063585,-932.4074794589408,76.72997078744073,-0.00880099180168153,0.009257480229782662,-0.8704328941445726,0.4921213451926314
93,-267.2311964783366,-933.7945583165813,76.5824926406461,-0.022994787421454672,0.0002996161345816765,-0.8877811130886898,0.45969103235175374
94,-267.7335012853847,-934.4162717520206,76.69588381186225,-0.015138861840507566,0.003430075004832454,-0.882796492208891,0.4694990977534599
95,-268.8295341890456,-935.9084410080666,76.46147988901882,-0.019847940724052198,-0.0005590905047354183,-0.8787112360644629,0.4769405731125063
96,-269.2502102344723,-936.4077751626062,76.4128840048672,-0.012337633486277866,0.0019157550869936535,-0.8849657171339954,0.4654887669750135
97,-270.2747591063605,-937.7414901049875,76.22538095375583,-0.010984957738840522,0.0018110524556553004,-0.880680099005431,0.4735806309471102
98,-270.7751941727572,-938.3656053334018,76.24001377032229,-0.0041298042731359955,0.005769390802855664,-0.8764808240071711,0.48138448665712125
99,-271.84411476124717,-939.8520256785761,76.17410743493708,-0.005985990445452397,0.0028887666766533133,-0.8731028717952583,0.48749071602272365
100,-272.2420398685475,-940.3790358436505,75.97458117102,-0.012595505253442846,-0.004049002642315987,-0.8733732039630985,0.486871857293318
101,-273.3550625220294,-941.8713077710648,75.99308609380796,-0.03300485521146145,-0.011611581728320677,-0.903995576493307,0.42610778962930335
102,-273.826857146079,-942.3380759956491,75.92433561862947,-0.03419198958332529,-0.012840323690136551,-0.9118522485453653,0.408890585314247
103,-275.1205094333824,-943.657372246277,75.86019989384626,-0.03572072879513256,-0.009094292318579868,-0.9236800421517015,0.3813876022004381
104,-275.6082087882461,-944.0745600056839,75.67747315661072,-0.03119207452909934,-0.008263713298434321,-0.9306108661502199,0.36458494391873847
105,-276.9947871382316,-945.2948890677843,75.42573937075889,-0.04010630395722398,-0.013887448446008852,-0.9339935433871116,0.3547600373065403
106,-277.49602482020805,-945.6928547698801,75.41599708453136,-0.033931509003000876,-0.01417360311588918,-0.9366069614469169,0.34844678423062775
107,-278.9061209614336,-946.8764146807041,75.21960247441261,-0.049952327364311405,-0.017234547830575493,-0.9398382405555101,0.33750824721995687
108,-279.40455618238053,-947.2702256827114,74.95696308433182,-0.04208309803031305,-0.014801109540107287,-0.9375987651118537,0.34484561136438985
109,-280.8877621482622,-948.5394955630355,74.78687305927039,-0.0572874180822776,-0.020722180226951742,-0.9338249129491779,0.3525049998674746
110,-281.28372701887054,-948.8946471842352,74.76821944705716,-0.05164488128871701,-0.019894315975324144,-0.9394381781024982,0.33822024178337856
111,-282.8354838579614,-950.258313118848,74.36031008006697,-0.07148720202151626,-0.025611508973204123,-0.9373999209735621,0.3398750045443322
112,-283.12116991361967,-950.5422941929546,73.98155361082192,-0.07420381055488104,-0.02849268625768645,-0.9326925519671373,0.3518047254287318
113,-284.5101690584105,-951.8824531973193,73.80483140733388,-0.06380467259404869,-0.023891930475048676,-0.9305509929974075,0.3597679652844048
114,-284.8425934664049,-952.2510910801736,73.84188244840426,-0.047950292313711174,-0.018418633729853667,-0.9305593389351192,0.3625201237437571
115,-286.25757148869565,-953.6439151705871,73.45211923076342,-0.012086861107720552,-0.002736379651421527,-0.9393613941342904,0.3427048164602421
116,-286.5951134286228,-954.0096806696064,73.52202430786947,0.000908637076778248,-0.0010632230541833365,-0.9440271094146813,0.3298649126923949
117,-288.15496931767126,-955.3543038527264,73.32805772923257,-0.0029797853199488916,-1.1493321657831236e-05,-0.9515979431219297,0.30733121447953077
118,-288.425083029792,-955.6443000468391,73.18137283336628,-0.002946004121970071,-0.0025098267815150156,-0.9520259010444709,0.305992982876574
119,-289.9966291874813,-957.0153445770717,73.06956496709964,0.006119551801693543,-8.128799793850503e-05,-0.9495437052647854,0.3135750249462326
120,-290.2327370849914,-957.3061741464792,73.29834181612027,0.006843903560253908,0.0006527697359390171,-0.9546290748636654,0.29771809535309096
121,-291.85316942734283,-958.5547998995513,73.28230173203141,-0.0005896216557215992,-0.003849682915165621,-0.959903804303435,0.28030254863548526
122,-292.0909422322859,-958.8380340968388,73.02135548716501,0.0003591788090843506,-0.0010056611732540772,-0.9601462687738411,0.279495978854542
123,-293.82576857503483,-960.1177496679798,73.00304677278557,0.0019249197873449611,-0.0028189434311204154,-0.9666727101410179,0.25599261651532873
124,-293.950229161342,-960.3422991215199,72.85200374883445,0.0057349541079026725,-0.0032943815346508603,-0.9646333959688559,0.26351217947805955
125,-295.70477996398387,-961.6242049451631,72.93368186542085,0.00707021845202176,-0.003372984965421443,-0.9712846471995168,0.2377914403379017
126,-295.94704820201486,-961.9275338313292,72.7565627366706,0.0046212877944795065,-0.002645992335092988,-0.9732313647094611,0.2297658659797909
127,-297.4753721477684,-963.0390284872866,72.53347092986228,-0.0003319633544145207,-0.0010920780399438276,-0.9713934001652229,0.23747328119460742
128,-297.6812539382915,-963.3446766866842,72.67342103689582,0.002194062460305802,-0.0034993692433842607,-0.9717769788971123,0.23586530857762875
129,-299.4180773973839,-964.5714996951226,72.71453858994707,0.0031635300016053143,-0.0030760982486082097,-0.9774684207016686,0.2110355804798795
130,-299.5413199127929,-964.879991917467,72.62802309310406,-0.0015857246977724086,-0.004895457158159167,-0.9759800945502609,0.21779893254573007
131,-301.2492476146626,-966.0908547408538,72.54706365003253,-0.009390818396740259,-0.005482247882978843,-0.976241757319481,0.21641115672201525
132,-301.3196352836752,-966.3768132406366,72.4290282362951,-0.012456374720772996,-0.01051249306720461,-0.9753773155960196,0.21993957906441122
133,-303.1581236597534,-967.6387827553267,72.31944146362616,-0.03518569825909086,-0.013486779589426312,-0.9786044298843445,0.20227071766586374
134,-303.10165970177917,-967.8920547035834,72.31768336815341,-0.03268763261507122,-0.011589500832697833,-0.9774146054030726,0.2084655637970624
135,-305.2390788382484,-969.0169681667884,71.97866461020008,-0.034585070498950043,-0.010340274840173807,-0.9827575945028052,0.18134073470092785
136,-304.94591361495947,-969.318603574201,71.97866461020008,-0.034518192684984454,-0.010561380541859147,-0.9815770333628634,0.18762590223466635
137,-307.19407788959023,-970.4550871629316,71.76129052465569,-0.028058768806660153,-0.011789431488823977,-0.9850032467024553,0.16983026462867737
138,-306.8615547630415,-970.8064805915257,71.76129052465569,-0.02797160149863769,-0.011994778504694815,-0.9837319734877,0.17704552842763246
139,-309.0177240755495,-971.9416727918845,71.52583437141207,-0.02251068149153257,-0.011546530576324848,-0.9818275367095267,0.18808145844112295
140,-308.72321843928677,-972.4443060934616,71.52583437141207,-0.022411064644776824,-0.011738710791686863,-0.9801823608413717,0.19647515452563397
141,-310.86087654396067,-973.642798754763,71.2872114807537,-0.011704280445971046,-0.009726786163852093,-0.9818121750703438,0.18924389642417996
142,-310.59496457182183,-974.1266220832414,71.27310871290798,-0.010622087616989587,-0.007685902523843346,-0.9782584215178972,0.20697477838220496
143,-312.4944335715972,-975.3550726610616,71.12806414855,-0.010738367518983969,-0.008937150454711239,-0.9799897143178914,0.19855723264569047
144,-312.23012444550085,-975.8708898468919,71.18448287555923,-0.011879073000940786,-0.01021906168664536,-0.9750138972866195,0.22159051988034215
145,-314.1007453802433,-977.258984017645,71.11366630718167,0.02384677355724553,-0.001919716409723526,-0.9667108507027474,0.2547504214194476
146,-313.91909527276454,-977.8611431346706,70.98250120105293,0.023161583686076116,-0.0012477234429040425,-0.9622796841569636,0.27107156561715795
147,-315.51601798574313,-979.3676467558397,70.81097067681503,0.028155918651737104,0.0018468754692435299,-0.9581427396863662,0.28489704049389836
148,-315.3235502865013,-979.9686887551014,70.95648634245414,0.03056961582713242,0.0009991621616556598,-0.9597125909543877,0.2793138790442978
149,-316.9008992269938,-981.5317276919917,70.87306898861421,0.02978187948065888,0.0005062323779805068,-0.9503151325866835,0.30986114980767226
150,-316.8916548438805,-982.3558205065905,71.18368909193282,0.025118497187129288,0.001847665026549922,-0.946220968349148,0.3225391856649522
151,-318.36493501502326,-984.0298904617966,70.95959171099771,0.031277780070511574,0.003582876879064518,-0.9420354735157569,0.33403297757118805
152,-318.29293778015347,-984.6823658303463,70.96834219335723,0.03092387620250704,0.0036056668536090693,-0.9421281198668924,0.3338043121399533
153,-319.7241310876958,-986.2832833129434,71.1173270502734,0.024262011247162478,-0.0007268321145678857,-0.9449429203557045,0.32633373070363453
154,-319.6724123291394,-986.8973587317937,71.24347467625032,0.01614818597527661,-0.0004864778677925712,-0.9427177592258781,0.33319997879521446
155,-321.07966305577287,-988.4284362788259,70.95764058763824,0.012571438541518178,-0.0035804727100193505,-0.9463694482768432,0.3228219424332134
156,-321.0517694447619,-989.003370593158,71.09567077671986,0.008455837816470267,-0.008340990174987734,-0.9458841510611088,0.3242870633576491
157,-322.5855401407537,-990.5781043373786,70.83088584320191,0.0005977591160300946,-0.008740401168428521,-0.9505308499536881,0.3105066043706211
158,-322.36857001940456,-990.9523456873335,71.02111456741316,-0.0021954792818926505,-0.007261439309116956,-0.9488855970638229,0.3155290399546692
159,-323.98208361155275,-992.6228847225624,70.95865646091089,0.008171533088095838,-0.0045481102509598356,-0.9405886424571663,0.3394194255205797
160,-324.07489158720034,-993.2875877407147,70.88995395300944,0.008872624770312622,-0.008357144858817486,-0.9414042335772921,0.3370600890972488
161,-325.5916174864217,-994.9324278194474,70.73578347633995,0.012561985107666387,-0.0039354142870757156,-0.9361625058658746,0.35132103787770813
162,-325.5138531585988,-995.3471927351744,70.64641640091654,0.012475305933467844,-0.0026760254410048197,-0.9384003396132654,0.3453143614786585
163,-326.9904248763183,-997.0311528251906,70.74254346115536,0.042387027556418724,0.009163229116980734,-0.9313541203288296,0.36152299743390204
164,-326.929773180687,-997.4226652889058,70.8211909850706,0.043321910066454396,0.011187732073356134,-0.9300486210021808,0.3647020829817
165,-328.4181551884613,-999.084020498163,70.86150001343603,0.04169188207279137,0.008347499513843584,-0.9344372123728181,0.3535805457798994
166,-328.3804898657613,-999.4479360511923,70.76356763870277,0.043467568661886585,0.007772992006409159,-0.9308318271117395,0.36277025884947206
167,-329.82468042067654,-1001.1133134377834,70.96668841049865,0.050907887771718,0.013373080240076699,-0.9263966193296361,0.37285231846152667
168,-329.81879598813725,-1001.4778311669265,70.90125508892784,0.052236151322180145,0.011947514106772824,-0.9260049386725256,0.37368903510245893
169,-331.2706025594141,-1003.1658836125503,71.17808602331405,0.06170069681610075,0.017542127190498413,-0.9249191621544239,0.37471301187121653
170,-331.3886456041136,-1003.6098743307779,71.1757240694561,0.06487489107991695,0.01562694946418585,-0.9299079922614707,0.36168794960027784
171,-332.8838363123242,-1005.2467042869806,71.2700147937734,0.07435682263661707,0.02301503264068374,-0.9352207771768799,0.3454033426830254
172,-332.9104478616802,-1005.5455411159347,71.41657768919687,0.08013875097239309,0.024932292465091876,-0.9337447628240291,0.3479610312717755
173,-334.44265368170494,-1007.0944387083213,71.3170605292664,0.06564543326157912,0.02047945509523355,-0.9254942712951244,0.37246694190331636
174,-334.3844353852623,-1007.3061451527444,71.61759797580174,0.06638430595819701,0.01933134769865979,-0.9272191514924119,0.36808160511535204
175,-336.02182208601147,-1009.004718795199,71.94148975958298,0.0543231793785891,0.011256886094438317,-0.9315104253420182,0.3594587628321093
176,-335.9769547587106,-1009.203752143492,71.77123729787735,0.05132990319305454,0.01620290683209682,-0.9301211540971576,0.36328686399229115
177,-337.714968734233,-1010.9175240223004,71.86324923886953,0.03586081838711194,0.002655755944843607,-0.9389081854096377,0.3422840458387585
178,-337.588460108224,-1011.025473322475,71.86324923886953,0.03585422048594425,0.002743393587747462,-0.9380688224160477,0.3445777605649228
179,-339.42210499989426,-1012.8227922561786,72.00308703110949,0.026980416236165913,0.0005870190674899141,-0.9320129457542182,0.3614188449636825
180,-339.3381238500128,-1012.9740004360443,72.00308703110949,0.02697888747759951,0.0006535152128194013,-0.9311193353368797,0.36371485522335323
181,-341.1514821081232,-1014.7008559346285,72.21373488590059,0.016642554499709448,-0.009359134447679721,-0.9345152976610056,0.3554104534473864
182,-341.1268111586924,-1014.8856215775737,71.91648216471555,0.014046820750394604,-0.006311782036162917,-0.9356566353266013,0.35257553659271057
183,-342.85387073582893,-1016.5218831766551,71.93265501707924,0.01056086794654168,-0.011866364306519616,-0.931049167560516,0.36454780900621386
184,-342.8269961974423,-1016.7084752462949,72.08301490455035,0.01036396129765902,-0.010160850158574201,-0.9271639242617005,0.37437468260810486
185,-344.40587251405304,-1018.5042485175301,72.12430620443978,0.02981990193864769,-0.00037267834900192066,-0.9112232077469413,0.41083196105292513
186,-344.45748112822645,-1018.7860873489293,72.05545567924632,0.028479897223433873,-0.001216390842610238,-0.9061583673965615,0.42197681102716883
187,-345.8237595513808,-1020.5346772155973,71.95284553292801,0.025963883975216984,-0.004414190293591705,-0.9104762496109245,0.4127219288424093
188,-345.81011333183915,-1020.7063418834797,72.13622148223185,0.03194475928778111,-0.0037923608344430943,-0.9120035143252122,0.4089189897911436
189,-347.24360764995606,-1022.5589672885277,71.92528523819884,0.01702489785475001,-0.01156359987109084,-0.9027375918034973,0.4296990532406129
190,-347.3613457859864,-1022.8565749637905,71.92194688595342,0.012606810869299327,-0.013765374032326043,-0.9014310570375647,0.43252009456855844
191,-348.7192474139632,-1024.6481319068753,72.05013601756524,0.01283147480849105,-0.012069845878331356,-0.9012459496189053,0.4329496626286135
192,-348.9137403980235,-1024.998354174966,72.00706265143597,0.015434509072096553,-0.010148531432421747,-0.9053839787469479,0.4241917423380785
193,-350.1626201919929,-1026.68219933188,71.86923840411995,0.02246682574202079,-0.007032396493275185,-0.8938924281716658,0.4476629468673974
194,-350.293171380951,-1026.9210506173972,71.8269599370915,0.0206263536708024,-0.007864321805411988,-0.8971756589035698,0.44112191404160933
195,-351.5682634996094,-1028.7377564777794,71.90286695353794,0.0228063358815203,-0.010435537267394851,-0.8910078175552413,0.45329464993649093
196,-351.7176593499426,-1028.9586959994444,72.07846641636156,0.020294802017090982,-0.009397818189593765,-0.8881259414149625,0.45905567659070395
197,-352.9570766313712,-1030.8558073454744,71.83279127204308,0.020173651083514738,-0.01257504850767873,-0.8743001825841055,0.48480313807811715
198,-353.17598482947864,-1031.1456676297637,71.8704956499516,0.020245651159804156,-0.012348871098606986,-0.8795645765381342,0.4751881466229962
199,-354.37536541099087,-1032.8636158556428,71.93820257051819,-0.002023534157523252,-0.019654198363237875,-0.8901781761734382,0.4551839545290927
200,-354.64409817053513,-1033.1283991576345,71.80215975966141,0.001414792711721827,-0.021629076295097978,-0.8886179018671094,0.4581357941718809
201,-355.86835339367684,-1034.853542796082,71.72980117974626,0.020370126830842376,-0.011336084710968891,-0.8794076065968776,0.4754984885106077
202,-356.2311324589963,-1035.2474696913937,71.57924852711105,0.031528977870068524,-0.006346685201202457,-0.8789656479231232,0.47579936203457646
203,-357.3571764768665,-1036.8564721821297,71.84114153138356,0.04994488487359642,-0.001009029306313497,-0.879641022097563,0.4730075713748953
204,-357.6636499764193,-1037.106693206884,71.54353369548073,0.04987650804668669,-0.0009186036351890164,-0.8844284142398704,0.4640020152947382
205,-358.967926034966,-1038.914666127785,71.77989409002654,0.05657310514238019,0.002337686909374404,-0.8913840022626163,0.449698320549169
206,-359.2897237999854,-1039.122045745416,71.6762467964279,0.050145180061039435,0.00024065017269340322,-0.8926881001973987,0.44787649946173713
207,-360.6512038214547,-1040.827503595797,71.89092805476683,0.05258061202910492,0.0028771260032599416,-0.8919261098888466,0.44910445987894126
208,-360.9995954069889,-1041.0461215752198,71.83250920767578,0.04952077264111173,-0.0013467638399372352,-0.8992778183970138,0.4345633263901754
209,-362.45602006275857,-1042.646904099886,72.00486756103055,0.051428809046379226,-0.002066147180296577,-0.9101132924886692,0.41115034168942943
210,-362.7352667748406,-1042.7424281866063,71.8691120918744,0.04881702322879904,-0.0026087089779699563,-0.9098238675944418,0.41210511139275957
211,-364.30959573821815,-1044.3324478360776,72.01880819642788,0.05546867423365129,0.0016933858027780163,-0.9123694653767657,0.40558885249893045
212,-364.58776566453645,-1044.4471235542965,72.1676766180494,0.05098420225116623,-0.0019113073166056802,-0.9149921781349744,0.40023277224256515
213,-366.1339557399586,-1046.0686263155708,72.19981868469573,0.0497223925888625,0.0005348642118850229,-0.911543966587843,0.40818500042605094
214,-366.39431073522684,-1046.196397991899,72.16488895149199,0.04892442692736721,-0.0018677114928201573,-0.9170223366788322,0.3958193352221476
215,-367.9446843966632,-1047.7727181733123,72.18651143088876,0.06789590922783875,0.006288238314079455,-0.9203850413672278,0.385022050273068
216,-368.2006034651249,-1047.9037289442033,72.4251903133061,0.06499693474164422,0.008374819195376904,-0.922317101827517,0.3808364800726485
217,-369.7494008284426,-1049.4461401989154,72.41210689239955,0.05295131067130946,0.0006389498450324986,-0.9121928522066322,0.40632493256557034
218,-370.06124200154994,-1049.6899089335209,72.37897139471131,0.05512707458579412,-0.00040617878330082013,-0.9059009645771459,0.41988603578185973
219,-371.4737264579412,-1051.2521629107212,72.675930796831,0.06331960771744591,0.003986837113473609,-0.9086759386657618,0.41265333016738887
220,-371.78801623968803,-1051.513956815106,72.77302965770788,0.07529534364044747,0.007876836739799324,-0.9103019185813381,0.4069631232632465
221,-373.3677756103245,-1053.014629668464,72.97258742421583,0.07464353733264516,-0.001690153563379912,-0.9294477149072037,0.3613203993261099
222,-373.596636136888,-1053.1650731926447,72.93013776997074,0.07487271061580726,-0.0005981251588429541,-0.934372979357393,0.3483401425304361
223,-375.267199287984,-1054.5653629744509,73.34718614934792,0.05619711689691276,-0.009825994080369525,-0.940720148081995,0.3343515169479521
224,-375.4833960593209,-1054.7253181712404,73.24902224356859,0.05571377194194657,-0.009730555591595066,-0.9364796460059176,0.3461317155657812
225,-377.1181406833536,-1056.2107719118133,73.40470120561838,0.08170934562825796,0.0017222979602946435,-0.9269252859272752,0.36623780639821546
226,-377.3960393831916,-1056.4809349769596,73.30842225375014,0.07557330807335128,0.0004232266518030131,-0.9319529331606188,0.35461560366031664
227,-378.9848534467517,-1057.8562785337456,73.582620108689,0.062013263563436116,-0.012205785339743563,-0.9461347092019466,0.31754446301234623
228,-379.0574552165793,-1057.9510645046573,73.33958303748418,0.06596329913799177,-0.014103475456033784,-0.9464688958037949,0.3156684406506897
229,-380.9880123169292,-1059.4141965664262,73.64716092908607,0.07483815247990236,-0.008204096319033318,-0.9468871783628469,0.3126285578590496
230,-380.9371802363818,-1059.4533897758802,73.64716092908607,0.07484613923373391,-0.008130910454654323,-0.9465810157311839,0.3135543404169416
231,-382.9730344697936,-1060.8341068050408,73.85372208415149,0.08529828364997241,-0.00979780638177091,-0.9619929089403852,0.2592254789654942
232,-383.00451224599277,-1060.966202383999,73.79979016901987,0.08353380380206232,-0.009856420063692445,-0.9634385171875828,0.2543839189203561
233,-385.07818643341454,-1062.2201664703127,74.10537638801866,0.10746630435030488,-0.007416814430632412,-0.9608760780003389,0.2551727787591689
234,-384.9732505573925,-1062.3247762724018,74.10537638801866,0.10748223138735938,-0.007182314599412397,-0.9603170258322895,0.2572687198040507
235,-386.9687994269256,-1063.6710554249876,74.77080419621277,0.08486016788883674,-0.007141930324054822,-0.9553262875544042,0.28301842527412346
236,-386.83121828478164,-1063.8124271906565,74.77080419621277,0.08488104132152391,-0.006889418484092944,-0.9544800085975078,0.2858595073192881
237,-388.6741667069201,-1065.3170906842333,74.94319497892637,0.06823273097648194,-0.017569303880525824,-0.9603587909316538,0.2697157886830818
238,-388.6645043805545,-1065.5025773378168,74.86249359110734,0.06649989553987383,-0.016469796390264906,-0.9621566566960069,0.26374434150444115
239,-390.4202279383676,-1067.0989379685689,75.17831592091493,0.06965320361072194,-0.016613838114724264,-0.9303797733799455,0.35953565733504406
240,-390.49165455668515,-1067.4036597523202,75.21830484321669,0.07257536011862424,-0.014788633240066296,-0.92749791969739,0.36641741550799206
241,-391.8987844364965,-1069.1638568604867,75.08855818089242,0.07021766841366998,-0.011333585053770367,-0.9220421737708218,0.38049869734383396
242,-391.94346049784815,-1069.4741367079666,75.25980778169306,0.06799584097842042,-0.009912820910602256,-0.9200955341866315,0.385619643640011
243,-393.2203890671619,-1071.1825178844797,75.3331465337257,0.07076671253184198,-0.00941838428863417,-0.9119741763671922,0.403988202889897
244,-393.3504770290187,-1071.6076790310499,75.46635033786991,0.06114233156523909,-0.01280177166602104,-0.9049683615079966,0.4208681439625827
245,-394.4660864978713,-1073.3857636428722,75.67393799366519,0.07097914630031107,-0.0077157297655068915,-0.8953170026964528,0.4396702093470798
246,-394.6561429712812,-1073.9158288109097,75.57194574470923,0.07031210615517502,-0.005909193624993345,-0.893332031673613,0.4438233548886549
247,-395.7025458525268,-1075.7852845462971,75.7204866024212,0.05079599269526161,-0.02171195013397249,-0.8285498707631287,0.5571835155546918
248,-395.773681852416,-1076.2301670071784,75.8438966529667,0.04840561549039439,-0.021733002882389107,-0.816521764453548,0.5748710995939655
249,-396.41217287056736,-1078.3391969691063,75.70079608646186,0.06331643660794803,-0.01446241064220119,-0.7767950365264231,0.6263955130439561
250,-396.4571832006614,-1078.8270453060493,75.91663766154996,0.058023158776776274,-0.01367418173654757,-0.7729849519260814,0.6316174426781089
251,-396.85991731741,-1080.943461425879,75.98802325976946,0.05584974839530901,-0.02003511498907814,-0.7991798793099801,0.5981562674399064
252,-396.8952923380667,-1081.367636770746,76.04589689405012,0.05399835744579436,-0.019135081233120292,-0.8027325883886615,0.5935810118241637
253,-397.3974331648852,-1083.3086049641781,76.16413033822936,0.03393819686791472,-0.030611173878280645,-0.8372669374821664,0.5448809321552576
254,-397.53176136550104,-1083.816856641647,75.93007539963168,0.06030532964424065,-0.013180634991528543,-0.8202822549793666,0.5686181145933401
255,-398.1516891615143,-1085.8022119150237,75.93409435110854,0.05297051710218448,-0.027818894563252667,-0.7644832781401917,0.6418610058784006
256,-398.2092211709367,-1086.2183036956096,76.02124912881942,0.04660467549029673,-0.029355373645660793,-0.7646021426197683,0.6421447109194526
257,-398.617810420853,-1088.1940357394292,76.10226084571808,0.07155427398965047,-0.009167483290823189,-0.741678106013971,0.6668654513344167
258,-398.6609105292022,-1088.7151251691641,76.01671576103321,0.08236708781114158,0.004538388565029389,-0.7387980225291624,0.6688591389685452
259,-398.90378278962606,-1090.835652431472,76.35703990150266,0.0996582957105171,0.014446832471044953,-0.7473507698448735,0.6567543984930013
260,-398.9350820056928,-1091.2349146312906,76.32338865209272,0.09754021344613936,0.012425961629387458,-0.7433243960037682,0.6616648279484861
261,-399.2121387794877,-1093.1735096134269,76.58333356929336,0.09451015569329246,0.007042027598335998,-0.7591325329797477,0.644000029262333
262,-399.2958265877133,-1093.831513706871,76.645761038125,0.10237856669052287,0.012841876612902065,-0.7554023566960079,0.6470865435052489
263,-399.5341288278433,-1095.694822019171,76.91264891068236,0.10695763923881245,0.02111314968741962,-0.7425417151488394,0.6608676868954606
264,-399.602801300119,-1096.3512012917913,76.97100899175767,0.10446097150628543,0.020457802461568406,-0.7505266193060042,0.6522109915230706
265,-399.8672526971986,-1098.1300374619188,77.04055717148762,0.11472203637110524,0.024563692854837345,-0.7494473796171817,0.6515858382048676
266,-399.95160871874856,-1098.7586659299036,77.2485970075483,0.11391417319715659,0.021018459661934177,-0.7407907333425781,0.6616727853644983
267,-400.17931852206294,-1100.6078771091943,77.58164571297905,0.12083890065338528,0.03294923341896949,-0.7258158552301135,0.6763901628517098
268,-400.22108280754367,-1101.259213755862,77.6622403247974,0.12248263791613681,0.03515546345361779,-0.7239855846263445,0.6779431908734803
269,-400.31587329590656,-1103.066511755757,78.0344368060837,0.1236985142281206,0.03751386638886972,-0.7136711665120228,0.688451053812602
270,-400.3448891223451,-1103.7175600821774,77.99751755537608,0.12150230163465892,0.033837243663167094,-0.7162173986641992,0.6863853651480685
271,-400.412975684718,-1105.4069475222739,78.46223646004574,0.10642103748268514,0.022125909147226626,-0.7236130249098157,0.6815931316455468
272,-400.4709960515753,-1106.204962088373,78.62085550737837,0.10586054700607339,0.017129223966026806,-0.7251931185354691,0.6801434224505135
273,-400.56308450194297,-1107.9264791151834,78.84425036630098,0.10660822300758371,0.02080019782943702,-0.7157420791166882,0.6898661571197285
274,-400.5872242543287,-1108.7017888333048,78.84632928483843,0.11249098973952204,0.0293602017750468,-0.6941306168982961,0.7103987911472981
275,-400.61946621772637,-1110.4189889872835,79.24140980981512,0.11961078162478453,0.030476212479630067,-0.722434124605485,0.6803332984629749
276,-400.6824626924726,-1111.212162424167,79.4277661653833,0.11129486038359626,0.02576850723358632,-0.7142182472885108,0.690537278738285
277,-400.73908201564166,-1112.8775654663182,79.42484378326694,0.09543295019893665,0.008891806797882151,-0.7107046597380546,0.6969306812121362
278,-400.79031921387417,-1113.5538913981748,79.55463404209704,0.08878604486519268,0.00409177291725913,-0.7205025676342489,0.6877327574458296
279,-400.9016262578231,-1115.254367798139,79.70388430817943,0.08892546149625064,0.005458431551048533,-0.7114444852568188,0.6970718845430086
280,-400.9418644707157,-1116.031975817033,79.87022177553317,0.08452909335389526,-0.002435118653646262,-0.7083269526387135,0.7008008495567518
281,-401.01847824349073,-1117.7688100286566,79.89714816866612,0.08578197191437392,-0.004959393131338745,-0.7056617157138507,0.7033195580175735
282,-401.05486270578024,-1118.5725692298329,80.12417030269583,0.08560613684041289,-0.0032494622930000702,-0.7150920765796,0.6937610196192506
283,-401.1750006953166,-1120.3048781101513,79.96710997039565,0.07864977757257326,-0.006138354859923471,-0.7267099119914773,0.6823996167208315
284,-401.27225161568174,-1121.081475025423,80.2183309998583,0.07853412328777667,-0.009005168121896064,-0.7372584851369061,0.6709703603887067
285,-401.426414812546,-1122.8369993799593,80.35864488247665,0.07407866915968103,-0.010060178613687014,-0.7138002050307634,0.6963479093670284
286,-401.4679914965475,-1123.616262644266,80.41716850917501,0.06849516095209382,-0.014131985887963196,-0.7008687939978353,0.7098532478625628
287,-401.47605289774435,-1125.3122391756801,80.59517347594658,0.05079357535339766,-0.02707521802895384,-0.6990197558369811,0.7127821029046049
288,-401.46762907412665,-1126.096473945872,80.2566102715853,0.04951972215443298,-0.03122857382530235,-0.6788710056219319,0.7319198938548208
289,-401.35137427344523,-1127.6868653404817,80.32487222825901,0.04622839668470661,-0.031980924229398855,-0.7121498187102105,0.6997733858445956
290,-401.32046814166966,-1128.6225713068682,80.52314908646674,0.05937556290975919,-0.019619746271691527,-0.6990294214478038,0.7123534768889197
291,-401.3157754603648,-1130.3643903634277,80.3774036261388,0.05550053850542279,-0.018286306809633338,-0.6940842304409771,0.7175182104044668
292,-401.33013664483997,-1131.1709027964996,80.34895897752166,0.0625525457426046,-0.01419391954059393,-0.6936010926837266,0.7174978995768106
293,-401.36244484660165,-1132.886652543992,80.38174787416789,0.06893941040228735,-0.007510049754980663,-0.7169698418706668,0.6936463095079608
294,-401.43482153392154,-1133.6919562510043,80.33740763218117,0.0628281056453046,-0.0124551391167857,-0.7237514346864387,0.6870817705629552
295,-401.5452764700501,-1135.5360393018461,80.4826910308577,0.04317409275327079,-0.030063470663159023,-0.7047295920162298,0.7075227117084341
296,-401.5823631973313,-1136.1987660090238,80.4093877641834,0.04317004580307494,-0.03421356654080894,-0.696049088669206,0.7158780937929905
297,-401.50952145063724,-1138.0371824050997,80.56551774252026,0.026967026649730087,-0.04710133277137043,-0.6700622878102076,0.7403180224602017
298,-401.4941410157427,-1138.69517754918,80.21628343461245,0.033202695737041515,-0.04451363673366367,-0.6638525529960785,0.7457988368327787
299,-401.43791594734506,-1140.407031978436,80.47384502041439,0.03670905042130233,-0.03637751522682104,-0.6790846218902442,0.7322384845904186
300,-401.4465354755026,-1141.2161962546718,80.24015808083836,0.034924715911144065,-0.04192948364329575,-0.6861484606248791,0.7254119330435925
301,-401.4961073994476,-1143.0851812197795,80.08950398922114,0.030436633904451622,-0.04350735097565995,-0.6777478958467701,0.7333747414541373
302,-401.5317216484264,-1143.7468822174803,80.0735260312014,0.028948437412220827,-0.0440419511805626,-0.6920136186427808,0.7199579474667418
303,-401.6058567719176,-1145.565263821961,80.16348324677998,0.011103235286476682,-0.05735088232313715,-0.6912404234140597,0.7202598638694804
304,-401.6656591572007,-1146.2021904038372,79.8582244722137,0.01501541281454171,-0.053651909354664955,-0.6944784690021845,0.7173532366226485
305,-401.8056089223014,-1148.020652266112,79.73479807762223,0.015614733997027917,-0.05535864739216217,-0.7200796844550157,0.6915033248483171
306,-401.9208197590505,-1148.6545986176423,79.76749102957953,0.010248664578228171,-0.05725143975818535,-0.7276747658496034,0.683452026601504
307,-402.1099228851747,-1150.495059121999,79.52446410013096,-0.009378602400605868,-0.0719966978754864,-0.7198819237723166,0.6902887317187684
308,-402.20128031036893,-1151.12723036033,79.34191886704127,-0.012405816307316908,-0.08072107415196932,-0.7119138310180179,0.6975019004380925
309,-402.21351366932043,-1153.0498148359025,79.00342374553794,-0.01876395825083428,-0.09173748353762487,-0.6688418296396446,0.7374840709528834
310,-402.23359288087835,-1153.5640461467692,79.27844695749323,-0.010326863588722958,-0.08195508146016431,-0.6785479620102833,0.7298968309034973
311,-402.2022965092992,-1155.5087936657972,78.67829988979577,-0.0048100917581214014,-0.07256543269345925,-0.6773074012924013,0.7320968550334195
312,-402.232056777168,-1156.041112332087,78.51703920523397,-0.0038324653920977225,-0.06854278897174126,-0.686235335982739,0.7241327654081471
313,-402.2182195170061,-1158.044232687971,78.11696933323557,0.0063819141850345595,-0.06036300768924648,-0.6773072053501863,0.7331920130871336
314,-402.23976358277923,-1158.5530706501127,78.13699547391417,0.014546829802162629,-0.05327030398289585,-0.6675416676949582,0.7425219096749339
315,-402.0585435569098,-1160.5194994194192,77.95479267819152,0.012933740863444138,-0.051773758510824455,-0.6564748967347256,0.7524579099418595
316,-402.052737373984,-1161.0294930484201,77.79156124473212,0.007179595641615761,-0.054462814389803084,-0.6534178063814455,0.7550016063286386
317,-401.81754263299615,-1163.2182865012137,77.58032362632046,0.009206681138492226,-0.05343143372085106,-0.6374418761299809,0.7685884291796478
318,-401.8655938372254,-1163.3368035629628,77.51687301670232,0.01101063927873086,-0.05196369926183338,-0.6344416536966344,0.7711435196099228
319,-401.58431511406775,-1165.7153078467957,77.22580724055139,-0.0022802346457419555,-0.05907833169136652,-0.6481490074209761,0.7592149994788887
320,-401.6489828767402,-1165.8467765903831,77.22037674409698,8.744055207817944e-05,-0.06073894387328075,-0.6484160549785443,0.7588592706802557
321,-401.384954010057,-1168.1729376958092,76.79444361964757,0.013905968514567976,-0.039559105401994824,-0.6393456686226947,0.7677752387469038
322,-401.4530584085855,-1168.319386525004,76.93123691628962,0.012392092072890496,-0.042930479609826655,-0.6383053753360335,0.768485300960046
323,-401.1470771272995,-1170.7686452795388,76.72395086625417,0.014983609273370115,-0.03979920932624908,-0.630625413221616,0.7749213525185729
324,-401.22858487991175,-1170.8907848276401,76.74498433431222,0.014754906474390036,-0.03736810951024774,-0.6307774186764417,0.7749230705137425
325,-400.9828425844224,-1173.225590360275,76.39659818250794,0.01840917182855452,-0.035946490100161994,-0.6480368065599096,0.7605374741494991
326,-401.0795682118945,-1173.350457995018,76.51929299460862,0.012649482485773944,-0.0388171546929868,-0.6517820218936515,0.7573066849240183
327,-400.8907928436215,-1175.7195950829014,76.33067582812166,0.0171658317847101,-0.03466325926498492,-0.6440564342450349,0.7639994124237522
328,-400.9907551542395,-1175.8444125775573,76.13030068919113,0.014787582354391437,-0.035297669104933226,-0.6445386646455952,0.7636133260628338
329,-400.8154486198842,-1178.2409037495697,76.21077845926968,0.005737684048573274,-0.04793443251940214,-0.655720461695802,0.7534587216790619
330,-400.924411536941,-1178.3871996974733,76.01636323406927,0.00802882829959825,-0.04825225638358133,-0.6543768905101018,0.7545847486110218
331,-400.7329761638283,-1181.2029696138043,75.67065101274497,0.01569714158325722,-0.037417907633727945,-0.6782941524669475,0.7336692324634955
332,-400.57339403242406,-1181.1962149389678,75.67065101274497,0.01578315205552911,-0.03738170912041163,-0.6766051000154842,0.7352272020045678
333,-400.4943765953017,-1182.9951366146847,75.48381169336197,-0.005326132719124951,-0.049520026664000356,-0.7006709126552174,0.7117441052993411
