-259.25664929057723,-830.5793034743356,-79.9483697000812,0.6653193596470253,0.010158877357659576,0.010406023258719727,-0.7464172168228996,-0.0020175249101025776,0.02901625088788525,-79.9483697000812
-259.35819971198833,-831.4813466048195,-80.03360904126153,0.6654389616341319,0.013176229432779702,0.008040341056901254,-0.7462926558883665,0.005537640119768111,0.030372028206127347,-80.03360904126153
-259.41651977817736,-832.0366474727876,-80.06841405440113,0.6730277139374555,0.013147903607005363,0.014817723159321061,-0.7393519216065089,-0.004216501581904392,0.03939752339877731,-80.06841405440113
-259.49143274197434,-832.9182841445441,-79.69070887897091,0.6608273565807791,0.012528019686820017,0.015300881011152276,-0.7502773730810953,-0.006407016915769579,0.03903137052659577,-79.69070887897091
-259.5672939203923,-833.5343437090106,-79.72781042231144,0.6638807759035522,0.010822102457876176,0.00887748435384052,-0.7477074212254657,0.0010940779707652797,0.02797436352743743,-79.72781042231144
-259.6563952724694,-834.402801650091,-79.64342864622435,0.6633729299513066,0.0025623740131008473,0.002914635561959147,-0.7482788884812779,-0.0009623300938418435,0.007701797563655774,-79.64342864622435
-259.7189213945756,-835.0514200448399,-79.51042747936623,0.673556950336335,0.003094780343282408,0.003247232508427709,-0.7391217169514632,-0.000631203832550511,0.008949350232376882,-79.51042747936623
-259.8213701881539,-835.9024266848613,-79.54114600401678,0.6486866320238385,-0.006183283766096036,-0.0007639008513181038,-0.7610301156267908,-0.006859748887737582,-0.010402582475827192,-79.54114600401678
-259.90213722047105,-836.5337211047573,-79.6940340400912,0.6550577743317466,-0.007402513171170876,0.0011717040332454814,-0.7555416217495549,-0.011469475516556386,-0.009650895753385564,-79.6940340400912
-260.03269879605153,-837.4285493647191,-79.49542383528767,0.6632415110303216,-0.0016184167188160047,-7.4380874273884605e-06,-0.7484036870020182,-0.002135676857083157,-0.002432326973984893,-79.49542383528767
-260.10148467959715,-838.0761418996057,-79.55046166215539,0.6673312371087323,0.0037114596658388978,0.004343305377083957,-0.7447391360365583,-0.0015158108365126142,0.011325227326321526,-79.55046166215539
-260.1899997318158,-838.9449621671542,-79.53550013272246,0.6830153247721753,-0.0010798081793212597,0.0031122058190196844,-0.7303966143922054,-0.006021398169175234,0.0026739952463541846,-79.53550013272246
-260.22461396284916,-839.5068392910048,-79.41020938838719,0.6865374034751485,-0.0007022290307248035,0.004562542480243761,-0.7270798331064515,-0.007599055843537221,0.005243583031168102,-79.41020938838719
-260.28561016347527,-840.2691164893944,-79.43115067657423,0.6829409974735325,-0.011170533184256147,-0.008304338877423392,-0.7303409143092319,-0.003128835426302597,-0.02766286975226408,-79.43115067657423
-260.3074512261916,-840.5928555048123,-79.51586145196389,0.6832265974539455,-0.021966766670224725,-0.01807817556088764,-0.7296520110723672,-0.0036408816900635414,-0.05678969190023473,-79.51586145196389
-260.319750520851,-840.7678933253007,-79.15608219298285,0.6826083494405977,-0.037670841802538796,-0.032802870406770296,-0.7290752503308199,-0.0036153662593636266,-0.09987876168528215,-79.15608219298285
-260.32376281829875,-840.807573371409,-79.36500328600884,0.6796192736394603,-0.04739830975957485,-0.03693757706934059,-0.7310996228490029,-0.010490895180026445,-0.11979910176673,-79.36500328600884
-260.32474090576494,-840.8275643889218,-79.12043255294778,0.683702227954559,-0.0615417317106213,-0.048224433304301734,-0.7255606678841605,-0.014347372009851754,-0.1558773026554237,-79.12043255294778
-260.32440757608197,-840.8309500440977,-79.27315528345368,0.7033048311408333,-0.07131454739728497,-0.06401873409795031,-0.7043991421828821,-0.010311291077278276,-0.19168895111727036,-79.27315528345368
-260.32845829193934,-840.9237247922242,-78.9434846357329,0.6840711709782916,-0.08912805315726695,-0.07845062404544961,-0.7196862668994483,-0.009281641773447383,-0.23785657533682739,-78.9434846357329
-260.34155569756024,-841.4013901511368,-79.00230702149433,0.6943998078496979,-0.09566248845072269,-0.08676974758889194,-0.7079043763567774,-0.010351638551105736,-0.25882573870268133,-79.00230702149433
-260.38685578008113,-842.6945888599141,-78.66036488555008,0.6853704282218623,-0.021753954881623426,-0.01595600606502371,-0.7276946800935419,-0.006606353904259409,-0.05355762450965663,-78.66036488555008
-260.43706728141734,-843.5694523951403,-78.39681750312307,0.6844573897686937,-0.02309439067619457,-0.015621018307808512,-0.7285195361123468,-0.008867373045961595,-0.05506108984807342,-78.39681750312307
-260.52243751898175,-845.1324392836011,-78.32378004677767,0.6994145223854725,-0.015405944666995847,-0.00676989113576303,-0.7145181252559158,-0.011882033502309956,-0.03149077823378685,-78.32378004677767
-260.55016703206473,-846.0857858614866,-78.02891810297231,0.6932707073767614,-0.012944626763726772,-0.0012978757989002558,-0.7205598368280618,-0.01608192433307749,-0.02045574138826685,-78.02891810297231
-260.63954293502525,-847.5840176311096,-77.99439201752152,0.6716435262251061,-0.015706904368530776,-0.00786337219345167,-0.7406662097144774,-0.00945616662726988,-0.03383636887876676,-77.99439201752152
-260.74750139914283,-848.6625250386256,-78.03076094175195,0.67284146882107,-0.007257788768317231,0.002862890321017662,-0.7397455550362634,-0.014003092838657463,-0.006885345707441247,-78.03076094175195
-260.8876944063482,-850.0372364172762,-77.82675258919227,0.6706887537643521,-0.0007390214220604601,0.009068345042518392,-0.7416830957622992,-0.014444370127607109,0.011068060653395356,-77.82675258919227
-260.9937405336789,-851.2177627758911,-77.90322818125136,0.6709923745322205,0.005575572091172757,0.010988064140792462,-0.7413618608762568,-0.00881237845986517,0.02301487921823234,-77.90322818125136
-261.13852844303545,-852.5434550544347,-77.83121456018594,0.6622140718524555,-1.3438203859001113e-06,0.008403146080080342,-0.7492675824928915,-0.012595302477162092,0.011127579042328315,-77.83121456018594
-261.2944027811175,-853.7176780448037,-77.74538369302574,0.6574868519920675,0.0029807362494471096,0.014087224513139684,-0.7533284176071475,-0.017310472906008924,0.02301730880221998,-77.74538369302574
-261.46283951732886,-855.1628231656811,-77.5666085030827,0.6693702095572501,-0.0075549225641562264,0.0018745339983804513,-0.7428882364290212,-0.012900066426265453,-0.008715522108015258,-77.5666085030827
-261.57246071628447,-856.3431416040967,-77.45896207996552,0.6806963132662468,-0.009585896559382339,0.001673329102604375,-0.7325010850931257,-0.015503293690566517,-0.011765572807581006,-77.45896207996552
-261.63736145088774,-857.6015264443914,-77.57717858420281,0.6985023168994801,-0.01553547303259663,-0.0037215409916668014,-0.7154294601820358,-0.016385024932323005,-0.027431520367959105,-77.57717858420281
-261.6653763247276,-858.8345124458954,-77.23085429993618,0.714944440063319,-0.023222701374591273,-0.012610869544676516,-0.6986817013009149,-0.015604444014167487,-0.05050416231517476,-77.23085429993618
-261.65769041533105,-860.3141632202844,-77.17364752812908,0.6957838245767025,-0.024387951145117003,-0.014016950124154479,-0.7177002315769283,-0.013838564530853845,-0.05453904447904005,-77.17364752812908
-261.66167295990886,-861.3965113254989,-77.25111303999056,0.7022551823369783,-0.01269099943486591,-0.0015023849197278458,-0.7118106070112713,-0.015689650904193116,-0.020178660571826042,-77.25111303999056
-261.67523370602925,-862.8763356655726,-77.11385570581987,0.698371650968678,-0.0013926339845655577,0.00984757707717698,-0.7156662091503111,-0.01604210607627943,0.0117614863181335,-77.11385570581987
-261.68507341638366,-863.8895785704652,-77.09251548846822,0.7030411287615775,0.00642279872657161,0.015327788124589032,-0.7109549759565459,-0.012770111356918187,0.030689589633639214,-77.09251548846822
-261.69832805349984,-865.4446964477129,-76.95781370555683,0.703850665430922,0.006066873808591918,0.018163656638043514,-0.7100897938938245,-0.017266257239419294,0.034191715682262334,-76.95781370555683
-261.69578405691226,-866.4077434792295,-77.09527966526696,0.716176921527252,0.005550064759929773,0.015242361692244528,-0.6977302374578243,-0.013326681489748552,0.029581665526392995,-77.09527966526696
-261.7216285170616,-868.0383114349793,-76.93635942451375,0.693596036929474,0.006561509858029862,0.01531255398731174,-0.720171514178738,-0.012959724085981669,0.030697099314469418,-76.93635942451375
-261.75550022389103,-868.9751356533108,-77.00286644938743,0.6811790987210493,-0.0009228363647969019,0.009353430638085193,-0.7320564849613186,-0.014953240269782744,0.011391832605250098,-77.00286644938743
-261.858514805728,-870.6240923362195,-76.95593980230453,0.6883884906337531,0.0026360601740023117,0.012919994849868454,-0.7252223182464959,-0.015114575678981841,0.02161309348124673,-76.95593980230453
-261.9034237509585,-871.4627664571576,-76.83472840505043,0.6875349963651469,0.004543975049040288,0.012537042657474226,-0.7260287898047403,-0.011959907547914664,0.02383968263955359,-76.83472840505043
-261.94203747121946,-873.1166756966024,-76.81548247275285,0.6909772536188964,0.00939122739434919,0.016891106468757168,-0.7226181082366924,-0.011441437732743523,0.03692367212020982,-76.81548247275285
-261.986119956424,-874.0556626065865,-76.8233941731327,0.6846989400263649,0.0012582653822456515,0.012332504562820867,-0.7287205826832452,-0.01625439841694805,0.018723047251766513,-76.8233941731327
-262.0826579098188,-875.7324333075906,-76.96925299791604,0.6934270720356649,-0.0017835905118832565,0.009187469834674158,-0.7204660331833608,-0.01571355930204401,0.010171823257291898,-76.96925299791604
-262.110963087879,-876.5468547226563,-76.80888053924798,0.6952709323735287,-0.005116767652480614,0.006700003310474866,-0.7186983089175001,-0.016746456684540577,0.0019618118376418282,-76.80888053924798
-262.1706489913506,-878.077797453657,-76.92440841522873,0.6886655656322277,-0.001996148221637525,0.008469897036727266,-0.7250269063620387,-0.015032307969815755,0.008771443003832561,-76.92440841522873
-262.21690755085774,-879.0415698181072,-76.8403016030817,0.6935996470146562,0.001490256680330095,0.01111896988467423,-0.7202733351338747,-0.01395271872096153,0.017571915745667344,-76.8403016030817
-262.28869083035045,-880.8201843653925,-76.88009484642315,0.6835033482785887,0.0007649570660545511,0.011521110298976999,-0.729856048649406,-0.01577470060168928,0.016866851746042657,-76.88009484642315
-262.3446148910509,-881.5605561442253,-76.62356279042142,0.6810986672860757,-0.006565532151734298,0.00717049138313459,-0.7321270950197243,-0.01944419789043418,0.0001540162872717621,-76.62356279042142
-262.43553393928755,-883.3610485542603,-76.65462458534815,0.6963885044069573,-0.004920028787250486,0.005889303221113321,-0.7176239686313045,-0.015305720833111172,0.0011410252037172086,-76.65462458534815
-262.46099909025924,-884.0534632692157,-76.49245988510094,0.6855941441679921,-0.005055037265092198,0.0014762439859599735,-0.7279649282654358,-0.009080969657146385,-0.005335596531965101,-76.49245988510094
-262.54385876140225,-885.976837890967,-76.4561797003622,0.7023993950052689,-0.004863267385701217,0.003246915381252175,-0.7117590154448866,-0.011454237135094915,-0.002361688209147603,-76.4561797003622
-262.5587693608597,-886.5436460727979,-76.57682486284313,0.7022684875460622,-0.008404640055965489,0.002776437232456467,-0.7118571660253131,-0.015758646073585847,-0.008066285223196658,-76.57682486284313
-262.607362146346,-888.4940358114483,-76.30654091682183,0.7114825701959082,-0.004844848195624073,0.0037544019115026347,-0.7026770127303673,-0.012170627474962897,-0.0014663443968583783,-76.30654091682183
-262.6105872431194,-889.0615119094306,-76.46941772854056,0.7096222203415469,-0.002824890727882748,0.00930793462494362,-0.7045152139896812,-0.017125940188602896,0.009230008534272464,-76.46941772854056
-262.5584399035593,-890.9604794577408,-76.35538829412704,0.7255810372530662,0.004280633678955256,0.013259288676413447,-0.6879956582841686,-0.01203686519491085,0.025134137860268805,-76.35538829412704
-262.5142244027759,-891.6488484324838,-76.29524896071541,0.7373931720771215,0.0038331312088506386,0.015446717523436895,-0.6752762514681881,-0.015215087625510557,0.02796109630894497,-76.29524896071541
-262.3079799731704,-893.4862324947064,-76.15456110933918,0.7599974558828824,0.013978818559659448,0.02609905857877159,-0.649251337175769,-0.012663489325133746,0.057854238235789335,-76.15456110933918
-262.2022581667249,-894.1686572971616,-76.12071163313391,0.7532144459980243,0.011780013117933752,0.02199395709020935,-0.6573016776810665,-0.011181032751918996,0.048637551170462784,-76.12071163313391
-261.9294609202287,-895.9730303496143,-76.14684006722464,0.7619684556348817,0.014063349701054476,0.030207778290465448,-0.6467563567088718,-0.01767990886401375,0.06427010702226083,-76.14684006722464
-261.83597664238073,-896.6067493985072,-76.15604635054092,0.7553081563845281,0.018893457454161596,0.03220896477150962,-0.6543051342858168,-0.013645426211464029,0.07344557288446546,-76.15604635054092
-261.6118291977221,-898.4902494929968,-76.30140841080998,0.7491843695195001,0.020665612847304726,0.0307588859538008,-0.6613241291894585,-0.009744934067918752,0.07348761626173521,-76.30140841080998
-261.54010144403605,-899.1504822468276,-76.2607063867153,0.7478094868824692,0.022922203209926915,0.03516307928149914,-0.6625851656836457,-0.01235710380142162,0.08306187033492532,-76.2607063867153
-261.30320025120545,-900.9314932886955,-76.41388205112897,0.7488012754296761,0.01987901148793489,0.03373796082934659,-0.6616367771037447,-0.0149183419144777,0.07690721807941082,-76.41388205112897
-261.2205475023615,-901.6884726381857,-76.6239970143381,0.7434284782745045,0.019470088205188998,0.030225499641270286,-0.6678483604286023,-0.011451972431161545,0.07100678126378458,-76.6239970143381
-261.03716230502516,-903.4021538577526,-76.33532714114422,0.7373395163268397,0.019061430027943516,0.029044889634738863,-0.6746284117455311,-0.01110587714836643,0.06860445691497817,-76.33532714114422
-260.9728767381589,-904.2379494720104,-76.2660643129619,0.7285051343752289,0.02343047829983148,0.033519903676049984,-0.6838184685522316,-0.01174335605863149,0.08097168307795842,-76.2660643129619
-260.8573942621484,-905.9562689357535,-76.60475111024988,0.7297419874531803,0.017305599392806438,0.02704721159687907,-0.6829682249727083,-0.011711142081353718,0.06315529596353289,-76.60475111024988
-260.8106981068802,-906.7186900788521,-76.5144277824242,0.7193620446478605,0.021012404908721173,0.025993062047205532,-0.6938307346070883,-0.005851525100464229,0.06660418225969439,-76.5144277824242
-260.7233807715488,-908.4683337141686,-76.4997652972733,0.7264251402056567,0.010566939969561472,0.01589942906239582,-0.6869803953624597,-0.006497655218973796,0.0376269291512953,-76.4997652972733
-260.6832939118505,-909.3313390841447,-76.80470454719014,0.720612457491381,0.013258260588677283,0.018005477669413263,-0.6929774220047081,-0.005852428933376159,0.04433982090824373,-76.80470454719014
-260.6297911518014,-911.0826038279051,-76.7229768070346,0.7158007312241497,0.008388484528507649,0.01369359697310925,-0.6981199265944397,-0.007114128351721361,0.031321230731241254,-76.7229768070346
-260.5994843647558,-911.896477137688,-76.54352253454758,0.7248093800527966,0.00771426832232476,0.007696384234262778,-0.6888632798469159,0.0005793726369235005,0.021786698832973423,-76.54352253454758
-260.50346347249837,-913.645601622696,-76.62938811516872,0.7209728956390643,0.0055940124451230476,0.01022294263281806,-0.6928652698919991,-0.006101562615191175,0.022494620017029735,-76.62938811516872
-260.4872576724086,-914.4324366027624,-76.39312757540482,0.7103009866751244,0.010268710252488343,0.013888129139931442,-0.70368613869188,-0.004960937172450676,0.0341880613754532,-76.39312757540482
-260.42465694911647,-916.2325666374788,-76.5792143577822,0.7175778388878382,0.017526956794011457,0.02469297626744793,-0.6958197380397138,-0.009226467845359528,0.05986522159791835,-76.5792143577822
-260.40368335215226,-917.0444105450696,-76.70959595825039,0.7086445896871527,0.02386622975911217,0.027642400463798192,-0.7046198594141463,-0.005143092918520635,0.0728750005340371,-76.70959595825039
-260.38315567355676,-918.7188702093991,-76.6983965843486,0.7111620595062345,0.027307755797143448,0.031889287586773375,-0.7017733857374349,-0.005938492217535854,0.08378259995748591,-76.6983965843486
-260.36500181081743,-919.5317269138307,-76.58766850921614,0.7227541354194137,0.03127607930567409,0.03789109892700166,-0.6893566067134668,-0.0070651198458878284,0.09804966915807814,-76.58766850921614
-260.2632892199118,-921.2527944100613,-76.75728954667919,0.7171183321721685,0.03254834959842564,0.03485446249571993,-0.6953179625503433,-0.0017959984384718149,0.09539708161936616,-76.75728954667919
-260.22335354316755,-922.0887683868165,-76.68780012459466,0.7261439703233824,0.029683502660968534,0.033505339119546645,-0.6860839717434413,-0.0028774827432485393,0.08950962767339607,-76.68780012459466
-260.13222503730736,-923.7088119347483,-76.7436247632211,0.6845059355720975,0.01188107994507482,0.01703525185187501,-0.7287113724241232,-0.008569407433941894,0.04064841108342872,-76.7436247632211
-260.13489927401025,-924.4958622721837,-76.81839683780186,0.6431548256293355,0.00414386983219447,0.014416205022879209,-0.7655892316675118,-0.01674945431197093,0.024891278156380186,-76.81839683780186
-260.3543881578137,-926.2454699045609,-76.52738172240599,0.6119231337254519,0.007746042946411188,0.018108189607226325,-0.7906719741456906,-0.019167835022349665,0.034417593007250814,-76.52738172240599
-260.52533794150037,-927.0377219284672,-76.675025858911,0.5883659404129343,0.01292355941664617,0.022295912409125308,-0.8081840100273281,-0.020855516573039433,0.047142999407117483,-76.675025858911
-261.0036085308329,-928.6891214019315,-76.79295923112241,0.5596600936522499,0.009889496614655938,0.019359087071889228,-0.8284370846223669,-0.02102283319570912,0.038063859306449115,-76.79295923112241
-261.25706083248826,-929.433972067112,-76.78667643699364,0.5486313994749168,0.0035988332114925783,0.014007353286834742,-0.8359392501633164,-0.01947541223228074,0.021388190196599405,-76.78667643699364
-261.90957954295396,-931.0545771793747,-76.6742043939403,0.5316234575426649,-0.0005442903657488676,0.01238822044911121,-0.8468900372140907,-0.021564925348247613,0.012250135385169328,-76.6742043939403
-262.2498927538997,-931.7939809888139,-76.72997078744073,0.5195374721836988,-0.009090773677343874,0.008973083686525727,-0.8543521853428327,-0.0247813565760566,-0.006209778192500757,-76.72997078744073
-263.0559436754553,-933.3209834840409,-76.5824926406461,-0.48901529066812705,0.022992003148938497,0.0004667007447969763,0.871972015304609,-0.02169252678678321,-0.040564337865325525,-76.5824926406461
-263.4599276201864,-934.0263896246989,-76.69588381186225,-0.49958465575714756,0.015247880409843055,-0.0029073519518415434,0.8661259845886438,-0.020278473801846737,-0.02351039980990761,-76.69588381186225
-264.35174506664896,-935.6749017614766,-76.46147988901882,0.508366110079638,-0.019814798190831175,-0.0012755805872656143,-0.8609121005011603,-0.017962251064905375,-0.035421929874073464,-76.46147988901882
-264.67430880499353,-936.2592975518388,-76.4128840048672,-0.49819716787373464,0.01240054430524134,-0.0014538977023207601,0.8669738719275195,-0.01488035601514445,-0.020054584638349637,-76.4128840048672
-265.50097136163413,-937.7459675263616,-76.22538095375583,0.5075950077372057,-0.011047276667992875,0.0013809003374854894,-0.8615238585859039,-0.013596975034041897,-0.017634022503492205,-76.22538095375583
-265.89095383353646,-938.4612819379533,-76.24001377032229,0.5162595024221336,-0.004358589054040858,0.0055985582991055025,-0.856402817023205,-0.014090054437754705,-0.001684798841762541,-76.24001377032229
-266.7444916664787,-940.1034363522504,-76.17410743493708,0.5236508870509468,-0.00610178923291761,0.0026353790395768025,-0.8519070204172703,-0.010881142470892188,-0.007636351242981859,-76.17410743493708
-267.0313890845249,-940.7051194062163,-75.97458117102,0.5240758309803722,-0.01240921356032356,-0.004588310560682441,-0.8515688358595828,-0.005193984882842081,-0.025946755706357814,-75.97458117102
-267.9244209336853,-942.3535100965508,-75.99308609380796,-0.46609451523827233,0.03245276797553883,0.013075440661363808,0.8840428460018421,-0.007151000953795846,-0.06962429456414515,-75.99308609380796
-268.2968998893996,-942.9049850637406,-75.92433561862947,-0.45023678244519755,0.03356782196794995,0.014393310684541055,0.8921619100080782,-0.004556734814433263,-0.07292126954121757,-75.92433561862947
-269.3938384723662,-944.3904019839131,-75.86019989384626,-0.42448291362989804,0.03525258628606031,0.01076716204833317,0.9046853482940029,-0.010474534544015928,-0.07299074348389127,-75.86019989384626
-269.79415626959064,-944.8886924496595,-75.67747315661072,-0.40885447925185314,0.030759243558025492,0.009752097551074626,0.9120289361225269,-0.007378951493221959,-0.06412495592976239,-75.67747315661072
-271.0153797021542,-946.2710906845482,-75.42573937075889,-0.3999185716608586,0.03938077250258368,0.015828189996002183,0.9155674520204882,-0.0025237404872979876,-0.08487334194936612,-75.42573937075889
-271.4467051664933,-946.742307872053,-75.41599708453136,-0.39423689924540445,0.03319081619768077,0.01583060480964782,0.9182728510333197,0.002911405927499396,-0.07350464016081999,-75.41599708453136
-272.72377237116035,-948.0733655729268,-75.21960247441261,-0.3836216647329096,0.04903787152043555,0.019686335483806664,0.9219773064991976,-0.0013307012458811014,-0.10572466880494491,-75.21960247441261
-273.17245950385694,-948.528456033842,-74.95696308433182,-0.39093090449663204,0.041297076666129945,0.016870431004541026,0.919338331587451,-0.0012744109036578017,-0.08924072045709949,-74.95696308433182
-274.5455570566803,-949.9319482065239,-74.78687305927039,-0.3979588730364125,0.05620013756384797,0.023511732426524844,0.9153783252555725,-0.0016990358083078592,-0.121903883017488,-74.78687305927039
-274.91565219727323,-950.3255570119393,-74.76821944705716,-0.38363805869620443,0.050613085516346176,0.022389576725939636,0.9218236612000995,0.0024593322674623243,-0.11071773249552563,-74.76821944705716
-276.3808859541983,-951.8076097350074,-74.36031008006697,-0.3841935782328369,0.07018442829275882,0.028991644830333247,0.9201244073492995,-0.0005837048995260523,-0.1520184569032919,-74.36031008006697
-276.67085211806597,-952.106124603352,-73.98155361082192,-0.3951577937339492,0.07278595651676566,0.03194124614011061,0.9151678968256448,0.0009513511838625283,-0.15913723896814935,-73.98155361082192
-278.00413305124823,-953.5292288551619,-73.80483140733388,-0.40161804885351376,0.06265495027929599,0.026762245648623215,0.9132694466850615,-0.0014579695727597063,-0.13636029612353495,-73.80483140733388
-278.34973980055867,-953.905069125812,-73.84188244840426,-0.40334735810976463,0.04708818590916413,0.020522654536605407,0.9136040893649877,-0.00048921005047205,-0.10277627685781945,-73.84188244840426
-279.72896225206495,-955.3640275147658,-73.45211923076342,-0.38222125333706686,0.011959984183191975,0.0032463461571186837,0.923987734503228,-0.0031445077323440625,-0.024585879185041144,-73.45211923076342
-280.09401090804624,-955.7273769392741,-73.52202430786947,-0.3683272711769877,-0.000951503356694994,0.0010250394931129337,0.9296951464016113,0.002606882046162422,0.0010141162801393963,-73.52202430786947
-281.65221506445664,-957.1250136014878,-73.32805772923257,-0.34398362077273703,0.0029771007549190313,0.00012697930731496692,0.9389709204162973,-0.0018097182023033799,-0.005678210188650352,-73.32805772923257
-281.9717088819894,-957.3950422814872,-73.18137283336628,-0.34111004710097953,0.0028508403404559597,0.0026174185972258294,0.9400154028504042,0.0029760073933151796,-0.007145384027067214,-73.18137283336628
-283.57080929958835,-958.7911965037263,-73.06956496709964,-0.34607879241630274,-0.006118722766099379,-0.00012943609943403585,0.938185490144503,0.003992528103159892,0.011570842203512255,-73.06956496709964
-283.874452861301,-959.042906618317,-73.29834181612027,-0.32850325033369326,-0.006819150023334591,-0.0008742523831651013,0.9444778183715744,0.0028290618122957284,0.013455867423714005,-73.29834181612027
-285.5683464689268,-960.2816801650291,-73.28230173203141,-0.3082202189453401,0.00047692697532854186,0.003865262333195241,0.9513070634243406,0.007060202512360239,-0.0032901179418224733,-73.28230173203141
-285.8889954728798,-960.512230622204,-73.02135548716501,-0.30522042508129693,-0.0003860986645219332,0.0009956362958130841,0.9522811306276,0.0021319433443186984,0.0001275718790466611,-73.02135548716501
-287.7381397968137,-961.7415058791088,-73.00304677278557,-0.278211782922573,-0.001989400528109457,0.002773813943711243,0.9605136917737235,0.006435583003861711,0.0022782794167139457,-73.00304677278557
-287.96847095606756,-961.8874866070132,-72.85200374883445,-0.2830347072779713,-0.005800630949248719,0.003177314732005031,0.9590868635466536,0.009378746936319897,0.009328172478131766,-72.85200374883445
-289.8812469694977,-963.0666480502181,-72.93368186542085,-0.25313400311929996,-0.007122716517009014,0.0032606634224640603,0.9673995097415865,0.009915623887953532,0.012130552863512094,-72.93368186542085
-290.24664041923415,-963.2728885381894,-72.7565627366706,-0.24202206567988943,-0.004654291711713349,0.0025874978220382185,0.9702561322391745,0.007274238106432061,0.007779325477885012,-72.7565627366706
-291.98249068592474,-964.2169847111701,-72.53347092986228,-0.2447794006209728,0.0003237325599444918,0.001094546181590105,0.969578125886472,0.0019640125391915185,-0.0011636129966697396,-72.53347092986228
-292.3314392217923,-964.4002775643493,-72.67342103689582,-0.23961222305527832,-0.002207545095552064,0.003490879521319937,0.9708598884840831,0.00783632634591223,0.0026135221408145597,-72.67342103689582
-294.31782006981746,-965.3988505843828,-72.71453858994707,-0.20922203824461244,-0.0031578184745404453,0.003081961224285351,0.9778582046545724,0.007348966450684737,0.004886188432809152,-72.71453858994707
-294.58849336011787,-965.5211630298373,-72.62802309310406,-0.21173095666079136,0.001616109606462314,0.004885510551047602,0.9773144437528289,0.008865236448753614,-0.00522774597943095,-72.62802309310406
-296.58715396369433,-966.4254490922139,-72.54706365003253,-0.204090837715808,0.009459162909337784,0.005363464278392245,0.9788915606176452,0.006640915744193388,-0.020709737666170156,-72.54706365003253
-296.8361263719103,-966.5331135433551,-72.4290282362951,-0.20311359903374537,0.012635525231325525,0.010296469482345564,0.9790195054777441,0.015034851282090684,-0.028927591567396157,-72.4290282362951
-299.01281731517184,-967.4027293971128,-72.31944146362616,-0.1783877789314702,0.035503590864784974,0.012626227519711243,0.9832384622980447,0.012196404557284988,-0.07439031422123628,-72.31944146362616
-299.1515525383899,-967.4552549061033,-72.31768336815341,-0.17955964086356777,0.03301509634720397,0.010620794165871516,0.9831355641606185,0.009048523966607975,-0.06878499115280425,-72.31768336815341
-301.49747833220965,-968.2816861166577,-71.97866461020008,-0.14838400993851572,0.03491143148556899,0.009178253473079604,0.988270781319259,0.007800774820373393,-0.07178935516810045,-71.97866461020008
-301.49747833220965,-968.2816861166577,-71.97866461020008,-0.14838400993851572,0.03491143148556899,0.009178253473079604,0.988270781319259,0.007800774820373393,-0.07178935516810045,-71.97866461020008
-304.0048302522593,-969.0116957855082,-71.76129052465569,-0.12566484555437202,0.028557349787006994,0.010524399028819237,0.9916057993930958,0.013719357172380016,-0.05931513643037701,-71.76129052465569
-304.0048302522593,-969.0116957855082,-71.76129052465569,-0.12566484555437202,0.028557349787006994,0.010524399028819237,0.9916057993930958,0.013719357172380016,-0.05931513643037701,-71.76129052465569
-306.4594013553024,-969.6521551803593,-71.52583437141207,-0.13130558317819804,0.023137462473369338,0.010232838308927648,0.9910190667573809,0.014222968729543258,-0.04856567966006625,-71.52583437141207
-306.4594013553024,-969.6521551803593,-71.52583437141207,-0.13130558317819804,0.023137462473369338,0.010232838308927648,0.9910190667573809,0.014222968729543258,-0.04856567966006625,-71.52583437141207
-308.92985827192837,-970.2520177491723,-71.2872114807537,-0.11797864758049442,0.012374978120842572,0.008857791279089406,0.9928995106078169,0.014675571454195943,-0.02666744056786109,-71.2872114807537
-309.05017103856557,-970.281034503939,-71.27310871290798,-0.12713316871913732,0.011209211753975072,0.006801133346992406,0.9917989995802993,0.010643846842253174,-0.023966163476847428,-71.27310871290798
-311.32229606036645,-970.8483132207712,-71.12806414855,-0.11202985523944828,0.011479315346128963,0.007963071920248073,0.9936066255514832,0.013256668653553705,-0.024598531795116268,-71.12806414855
-311.4665314766475,-970.8820217900648,-71.18448287555923,-0.12611601443851672,0.01281297011801397,0.00902049853788717,0.9918917326528267,0.014669026375967432,-0.027696957928662176,-71.18448287555923
-313.77123544338724,-971.5207962197283,-71.11366630718167,-0.15302600930819532,-0.023518674782476413,0.004384729941560176,0.9879325313780409,0.015878415689876992,0.045143103666771114,-71.11366630718167
-314.0290890005878,-971.6042729465429,-70.98250120105293,-0.16012811560041776,-0.02287040251179289,0.0038678755907677626,0.9868236776758157,0.014973205107948301,0.04391351058903397,-70.98250120105293
-316.1267927629536,-972.3351826790749,-70.81097067681503,-0.16722242416444716,-0.028173078461702524,0.0015634430315444204,0.9855153444530651,0.012523222618878668,0.055034894552535095,-70.81097067681503
-316.38313198736677,-972.424534430893,-70.95648634245414,-0.15196234750050958,-0.030439431953355234,0.0029901035434924425,0.9879129238983012,0.015186467411744802,0.059268944111548344,-70.95648634245414
-318.507350235866,-973.1506090728873,-70.87306898861421,-0.17643821192545922,-0.029569299239571755,0.003587918491502852,0.9838609356793905,0.017523638041116174,0.056948842466004054,-70.87306898861421
-318.7612341980074,-973.2453116138241,-71.18368909193282,-0.180032461129917,-0.025117402678085488,0.0018624848179411863,0.9833381718272279,0.012722255706925981,0.04874648931521951,-71.18368909193282
-320.8276311145319,-974.0502376420076,-70.95959171099771,-0.18544606363619634,-0.031457034647380325,0.0012615482802255775,0.9821499992103905,0.014172372230179548,0.06136165455614809,-70.95959171099771
-321.1957725548084,-974.1891302635137,-70.96834219335723,-0.17663233155302424,-0.03109930944562626,0.0014559893036619627,0.9837843932982955,0.013877058762837402,0.06071297276670656,-70.96834219335723
-323.2237810529997,-974.8959342674635,-71.1173270502734,-0.1624939257601558,-0.02379287256847032,0.004803403961852334,0.9864109440878952,0.017227252273022457,0.045393639802902355,-71.1173270502734
-323.598592094707,-975.0191930716999,-71.24347467625032,-0.16158188780832988,-0.01580881528638401,0.003328953326341985,0.9867270610261423,0.011683940703211165,0.030126731629562493,-71.24347467625032
-325.59724641794224,-975.6363702238574,-70.95764058763824,-0.1448248922027233,-0.011707680103118437,0.005813009412809051,0.9893709565914289,0.014897561375104666,0.02148439315618554,-70.95764058763824
-325.9758006938601,-975.7468154986263,-71.09567077671986,-0.13900573890996987,-0.006720419902179112,0.009793327657955975,0.9902203447919133,0.021266253062295574,0.01058693329877685,-71.09567077671986
-328.11924955841516,-976.3317832464352,-70.83088584320191,-0.11920373415356394,0.0011179946780517822,0.008689189631128533,0.992831162804281,0.01698823176313956,-0.004291540787139058,-70.83088584320191
-328.23981884762344,-976.3610861004679,-71.02111456741316,-0.11781654232297907,0.0036138959828936387,0.006669961464808776,0.9930064016535546,0.012395867266955775,-0.00874901890193466,-71.02111456741316
-330.50255487422044,-976.9788042660027,-70.95865646091089,-0.13802848196813217,-0.007057192223921138,0.006136391266808042,0.9903841067513696,0.014104487751966724,0.01228497749826007,-70.95865646091089
-330.7640478763547,-977.0522338818098,-70.88995395300944,-0.129027326874286,-0.006891187885234117,0.01005369932096774,0.9915661266799961,0.021719157157790995,0.011071959276031655,-70.88995395300944
-332.926224545432,-977.6601435372913,-70.73578347633995,-0.139750676521307,-0.011408325420245103,0.006568185941486527,0.990099215965946,0.016199151614833682,0.02075642162988205,-70.73578347633995
-333.16312108760405,-977.7272825205806,-70.64641640091654,-0.12788952642416979,-0.011567305511340536,0.005384404656211675,0.9917063449735043,0.013641766554553136,0.021567194552446,-70.64641640091654
-335.3147401950017,-978.366426783075,-70.74254346115536,-0.14125702310772645,-0.04336096487985195,0.000672010124276436,0.9890226633145595,0.013629772206995388,0.08568491155692456,-70.74254346115536
-335.5510468538449,-978.4356663154787,-70.8211909850706,-0.13971078957856153,-0.044734833109175115,-0.0008648395489426651,0.989180945042202,0.010831859905375552,0.0888602398359982,-70.8211909850706
-337.70964593788165,-979.0342373509789,-70.86150001343603,-0.12426579349278602,-0.042486283587115745,0.0016761520994053839,0.9913375402902399,0.013931925166172778,0.08391838064377544,-70.86150001343603
-337.9481703107147,-979.095691563135,-70.76356763870277,-0.12958097435633906,-0.0440650094633454,0.002850240534201729,0.9905851412951611,0.01713192514954521,0.08667007925734252,-70.76356763870277
-340.0745581348421,-979.7053333165435,-70.96668841049865,-0.13719350172950362,-0.0526312532259754,-0.0006352136243964047,0.9891448280058444,0.01325738075254767,0.10448416235171037,-70.96668841049865
-340.33511135603317,-979.7800312691834,-70.90125508892784,-0.13411472497868548,-0.05356963482709838,0.0012856215526225309,0.9895159836736375,0.0170092882456297,0.1058688341273328,-70.90125508892784
-342.4829769129611,-980.3964333218167,-71.17808602331405,-0.13249568204710702,-0.06412551049750918,-0.0016189865329425096,0.9891057537113571,0.013903537960858863,0.12762905347599054,-71.17808602331405
-342.7442959552948,-980.4678415416262,-71.1757240694561,-0.11520620930420711,-0.06671859848038197,0.0012576402509789212,0.9910976623398766,0.018024269981045008,0.13234552594549334,-71.1757240694561
-344.9031912273449,-981.0114943934301,-71.2700147937734,-0.09560458828814265,-0.07776716141828295,-0.0033011217802125952,0.9923714697119167,0.008419744406801257,0.1556062261586601,-71.2700147937734
-345.1422411406069,-981.0600618951851,-71.41657768919687,-0.0953802331322137,-0.08385781456685022,-0.0034213376115014714,0.9918965533323848,0.009340852908150923,0.16779549221593704,-71.41657768919687
-347.29081854856616,-981.5016690687229,-71.3170605292664,-0.1189579753842943,-0.06871264765341899,-0.0027024140236507907,0.9905151533941172,0.01109878571825903,0.13719476924140203,-71.3170605292664
-347.4092596820979,-981.5306391790527,-71.61759797580174,-0.11143757894391242,-0.06913123768037029,-0.0012037683241162985,0.9913632477138343,0.013145831415221722,0.13777205833343642,-71.61759797580174
-349.726059642124,-982.0371399337176,-71.94148975958298,-0.09993431480373553,-0.05536474443776286,0.003531341909633174,0.9934462277458032,0.018192057706211445,0.10951677998183983,-71.94148975958298
-349.84619976502364,-982.0615895253616,-71.77123729787735,-0.10136856144699825,-0.05379336625231977,-0.0018886235362677935,0.9933917261576867,0.007195196049557349,0.1074653941927704,-71.77123729787735
-352.25907913479944,-982.517178992246,-71.86324923886953,-0.07687734867491089,-0.03525179974085439,0.007096615394869322,0.9963919017764467,0.019610356704156715,0.06921332527505596,-71.86324923886953
-352.25907913479944,-982.517178992246,-71.86324923886953,-0.07687734867491089,-0.03525179974085439,0.007096615394869322,0.9963919017764467,0.019610356704156715,0.06921332527505596,-71.86324923886953
-354.7987677533299,-982.9812136571604,-72.00308703110949,-0.09296462122837135,-0.026113840954351222,0.006808433173147197,0.9953036178715534,0.018433007121622994,0.050738281010693574,-72.00308703110949
-354.7987677533299,-982.9812136571604,-72.00308703110949,-0.09296462122837135,-0.026113840954351222,0.006808433173147197,0.9953036178715534,0.018433007121622994,0.050738281010693574,-72.00308703110949
-357.28428540725486,-983.3808868712239,-72.21373488590059,-0.08237585808640052,-0.013395209409627417,0.013606483114963003,0.9964184111038112,0.029335362040401394,0.024455212639114886,-72.21373488590059
-357.40609352643787,-983.4011690870316,-71.91648216471555,-0.0770388402826295,-0.011723161753716628,0.00998595234126125,0.9969091560028135,0.021723339538778662,0.021836977669688517,-71.91648216471555
-359.7725043609253,-983.7529547085935,-71.93265501707924,-0.08816131417022875,-0.006799843035417476,0.014356345925513866,0.9959795380177943,0.029802438562762695,0.011013883076035173,-71.93265501707924
-359.8934512568361,-983.7748196942607,-72.08301490455035,-0.09636752169402282,-0.007060743973295953,0.012680712293398044,0.9952399942691349,0.026606488989875696,0.01161051280449619,-72.08301490455035
-362.2253169995167,-984.3225020352453,-72.12430620443978,-0.1341805196137844,-0.028477746600957192,0.008853439405906051,0.990508062922959,0.025220645341543765,0.05406529250687209,-72.12430620443978
-362.4624557929758,-984.3912875671617,-72.05545567924632,-0.1441303700988706,-0.026932408533004812,0.009339674681201268,0.9891480436530333,0.026276862556581838,0.05060961880456675,-72.05545567924632
-364.59432876488916,-985.005280883469,-71.95284553292801,-0.13245607160267528,-0.023585876996564524,0.011718137792733825,0.9908389277519128,0.029502134830566167,0.04364919228107672,-71.95284553292801
-364.71283962538973,-985.0374658463818,-72.13622148223185,-0.1265101388284221,-0.02946757978664159,0.012903929175673881,0.9914435612413651,0.03309936814123768,0.05519394802728214,-72.13622148223185
-366.9603346170728,-985.6986206450368,-71.92528523819884,-0.14774146584443604,-0.012912330992980366,0.0160260942612691,0.9888118604068188,0.035524112800825854,0.020801794921392912,-71.92528523819884
-367.2200545542603,-985.777625441294,-71.92194688595342,-0.14930303293169492,-0.008018304691222748,0.016855977943235297,0.9886152877408143,0.03573216416006173,0.010820951114108301,-71.92194688595342
-369.3700771545029,-986.4347689874064,-72.05013601756524,-0.14872781940079957,-0.008713977061710012,0.015309948695394265,0.9887212487910815,0.03287512764347421,0.01267769759459002,-72.05013601756524
-369.7488747328332,-986.5506147146871,-72.00706265143597,-0.1381419633185193,-0.011752608161834578,0.014251068799422102,0.990240163399755,0.03148210466504611,0.019339673564241336,-72.00706265143597
-371.74659939277046,-987.1902792361319,-71.86923840411995,-0.16325076698171423,-0.019381712908859133,0.013362711703824205,0.9863036926933413,0.03271214146404164,0.03387604306493498,-71.86923840411995
-372.0034692869957,-987.2772661191725,-71.8269599370915,-0.15549395539403926,-0.017370117495669274,0.013622519642076,0.9875901659153479,0.03232908010093176,0.03007721014482354,-71.8269599370915
-374.0950021254467,-988.0255277882048,-71.90286695353794,-0.16857162932922318,-0.018684017374615745,0.016731314626919316,0.9853702737503761,0.03930149207747052,0.03118555531034282,-71.90286695353794
-374.34971747151985,-988.1169948858486,-72.07846641636156,-0.17488293535225022,-0.016592688070640807,0.014996022080138248,0.9843351872949291,0.035346427937747206,0.027423874030571466,-72.07846641636156
-376.4526030974508,-988.970235819994,-71.83279127204308,-0.20355336745180083,-0.015533961539601586,0.017994557007496657,0.9787752134969614,0.04157228013486704,0.023084858001950107,-71.83279127204308
-376.7937175749266,-989.1151045190901,-71.8704956499516,-0.19335205704910396,-0.015679675058397267,0.017791256233261468,0.9808428013838842,0.040987405035239594,0.023880910645204517,-71.8704956499516
-378.75431787260374,-989.869177696285,-71.93820257051819,-0.17150609799045405,0.007746574967409759,0.01817615966210866,0.9849849116348436,0.03316305557913122,-0.021496818982167723,-71.93820257051819
-379.1029247183419,-989.9930527353711,-71.80215975966141,-0.175824258963682,0.005024054334945341,0.02108500552136108,0.9841829156107496,0.03975272260714043,-0.01730455145036734,-71.80215975966141
-381.0797030028502,-990.7657385998825,-71.72980117974626,-0.1958987444865044,-0.016136391666920616,0.016824557873852203,0.980346996233952,0.0393324841425281,0.025049326202737497,-71.72980117974626
-381.57998785414765,-990.9767610985009,-71.57924852711105,-0.19784341360728333,-0.028292893944489268,0.015292776426153487,0.979705887924352,0.04122193172480131,0.049406377010680916,-71.57924852711105
-383.40032374503977,-991.7368317399971,-71.84114153138356,-0.19608871001418857,-0.04748230325508555,0.015522259589695454,0.9793128755100659,0.0492298810474957,0.08702237577614723,-71.84114153138356
-383.7655134702755,-991.8846097800159,-71.54353369548073,-0.1879488410419042,-0.04747254836997486,0.01532537238797751,0.9809111699147051,0.04811296363682447,0.0874834816924595,-71.54353369548073
-385.83436711852664,-992.7385681925472,-71.77989409002654,-0.1736197580872151,-0.05484499641490143,0.014071509293125409,0.9831837054163377,0.04698097316142314,0.10314200775521004,-71.77989409002654
-386.1811957110111,-992.8645002906328,-71.6762467964279,-0.1737019949966632,-0.04811715892911783,0.01411864060204456,0.9835207267456643,0.04468315259005065,0.08986447728973042,-71.6762467964279
-388.23089846602477,-993.6304011734977,-71.89092805476683,-0.1767062039526052,-0.05122524123993428,0.012205460880459379,0.9828539661970471,0.042305516533217055,0.09653014431595028,-71.89092805476683
-388.601449151224,-993.7663458559526,-71.83250920767578,-0.16309438032589124,-0.047127506013749425,0.015268230831935122,0.9853659738443886,0.04565454611887401,0.08800892566225958,-71.83250920767578
-390.6654852779847,-994.4191027916194,-72.00486756103055,-0.13934532249252118,-0.048784392502126975,0.016409582941013565,0.9889052986688642,0.046263061839855804,0.09204299957338738,-72.00486756103055
-390.9022065801806,-994.486360636281,-71.8691120918744,-0.14266665550921248,-0.04616321383583263,0.016089276173900387,0.9885627538433576,0.04516772023589046,0.08678857241882391,-71.8691120918744
-393.05522339745477,-995.0837054828497,-72.01880819642788,-0.13742533035029825,-0.05377326541573846,0.013714127870357919,0.9889563373584273,0.04213970798792294,0.1027702960281496,-72.01880819642788
-393.315737391339,-995.1576837779505,-72.1676766180494,-0.13364661199232047,-0.04850035007144631,0.015835340785518053,0.9897148787040274,0.04451122277329261,0.0918996594260504,-72.1676766180494
-395.46021955636036,-995.8056067779138,-72.19981868469573,-0.1437877402596283,-0.047979122763866615,0.013061630192894799,0.98835847916965,0.03979263527374797,0.09121136077567259,-72.19981868469573
-395.71770542323924,-995.8870808302862,-72.16488895149199,-0.13221607412407987,-0.04658325738023148,0.015069440209868924,0.9900110210734141,0.04233370366095802,0.08836598874576804,-72.16488895149199
-397.84169042010586,-996.4991893215152,-72.18651143088876,-0.12225894962755965,-0.06707260293912697,0.012274459904199151,0.9901531966342361,0.04106662682979081,0.13019044599916846,-72.18651143088876
-398.1034516686139,-996.5685071633742,-72.4251903133061,-0.11919809204037507,-0.06485875384849579,0.009385156982440147,0.9907053425371085,0.03433950003251192,0.12661245256122755,-72.4251903133061
-400.20968564718925,-997.1522103248251,-72.41210689239955,-0.1475691819086078,-0.051193437413893865,0.01354553522249051,0.9876330730550239,0.04207646095046119,0.09727619940477013,-72.41210689239955
-400.5838152845622,-997.2714815793149,-72.37897139471131,-0.1634800814269843,-0.053028242682346405,0.015071987646421689,0.9850051287394573,0.047282438350703754,0.09970334820317676,-72.37897139471131
-402.5849776099387,-997.9386679927081,-72.675930796831,-0.156619449935527,-0.062106012878548465,0.012965753197951162,0.9856191355235715,0.04534681632758593,0.11864251158556012,-72.675930796831
-402.95922903104986,-998.057971906557,-72.77302965770788,-0.15161906614072043,-0.07469623107385198,0.012325031209706303,0.9855355018727927,0.0474529628277534,0.14399121305081305,-72.77302965770788
-405.0733098824009,-998.585398155189,-72.97258742421583,-0.1032275206943564,-0.07155133483281706,0.021328871705739584,0.9918515840017087,0.05766187993526169,0.13797047093615414,-72.97258742421583
-405.33715891028936,-998.6400789199727,-72.93013776997074,-0.09005611857421958,-0.07207383633622623,0.0202889788910861,0.9931181273940588,0.0538322053956659,0.13995784642413067,-72.93013776997074
-407.4811578889753,-999.0289177773211,-73.34718614934792,-0.07536452885875945,-0.05163920945029211,0.024249910402754055,0.9955227379034115,0.05637375388196506,0.09932407751595497,-73.34718614934792
-407.74728011589093,-999.0721225286972,-73.24902224356859,-0.08806998733951911,-0.051203371408721166,0.024019218399042693,0.9945074002911676,0.05709708472656215,0.09776920428440129,-73.24902224356859
-409.90828439683366,-999.5384126654858,-73.40470120561838,-0.11014036665356691,-0.07929733672660709,0.019781705217934067,0.9905502088032467,0.057361342931427556,0.15333865438553368,-73.40470120561838
-410.2901482092097,-999.6227103451617,-73.30842225375014,-0.09744974679157803,-0.0730323873764943,0.01943641963012049,0.9923668892281265,0.05336958568256186,0.14163476488848162,-73.30842225375014
-412.36029190591415,-1000.0014977711344,-73.582620108689,-0.05783197859362594,-0.05662846615132029,0.02806853888069107,0.9963236603626345,0.06290067754865772,0.1098146237257629,-73.582620108689
-412.48249451439335,-1000.0162636890103,-73.33958303748418,-0.055419206254613065,-0.05992521758952886,0.030968260363713626,0.9961820349338777,0.06886065070929867,0.11622184570330024,-73.33958303748418
-414.8960691760972,-1000.2789167161486,-73.64716092908607,-0.05198446491387023,-0.07002902645257797,0.02764040008974588,0.9958059846900909,0.06296114682780042,0.13702529838694813,-73.64716092908607
-414.8960691760972,-1000.2789167161486,-73.64716092908607,-0.05198446491387023,-0.07002902645257797,0.02764040008974588,0.9958059846900909,0.06296114682780042,0.13702529838694813,-73.64716092908607
-417.36346722402374,-1000.3903085030253,-73.85372208415149,0.005219182832899612,-0.07964430869643425,0.03207145609093711,0.9962936143160965,0.06393042823186813,0.15971111612565173,-73.85372208415149
-417.4857380384566,-1000.3895390682745,-73.79979016901987,0.011786183673217017,-0.07787924005031903,0.03177844180097866,0.9963864915183807,0.06229331946428044,0.15658382120074502,-73.79979016901987
-419.9254619860941,-1000.3363703252933,-74.10537638801866,0.01150081697217995,-0.10155371502939266,0.035928521688760186,0.9941145384219877,0.07062232086882107,0.20415365506108177,-74.10537638801866
-419.9254619860941,-1000.3363703252933,-74.10537638801866,0.01150081697217995,-0.10155371502939266,0.035928521688760186,0.9941145384219877,0.07062232086882107,0.20415365506108177,-74.10537638801866
-422.3510985861459,-1000.3558710140377,-74.77080419621277,-0.012966308518606747,-0.0797321396497258,0.029917238671906807,0.9962829013791841,0.06250600017145834,0.15876180261050252,-74.77080419621277
-422.3510985861459,-1000.3558710140377,-74.77080419621277,-0.012966308518606747,-0.0797321396497258,0.029917238671906807,0.9962829013791841,0.06250600017145834,0.15876180261050252,-74.77080419621277
-424.7650771862403,-1000.3919709704912,-74.94319497892637,0.008523575583027526,-0.06063623402644451,0.03588360542706748,0.9974783018411604,0.07113983231754728,0.12187989307691362,-74.94319497892637
-424.8873725918626,-1000.3902807752481,-74.86249359110734,0.017914693549961214,-0.059169404796331204,0.03453218550857754,0.9974896357632295,0.06730190791980134,0.1195636694000023,-74.86249359110734
-427.28134405448975,-1000.4942906225773,-75.17831592091493,-0.07810211413938326,-0.061980415697759784,0.03586107165258513,0.9943703894308297,0.08165727474246288,0.11793452217396477,-75.17831592091493
-427.52317947128915,-1000.5286958127441,-75.21830484321669,-0.08213500631405131,-0.065183362061512,0.03517123654088698,0.9938651589467927,0.0813331289773568,0.12410771978205842,-75.21830484321669
-429.7202548959683,-1000.9193279923279,-75.08855818089242,-0.0922476939191281,-0.06377111085664924,0.03149946868967965,0.9931925250720425,0.07495467367276712,0.12115868036425027,-75.08855818089242
-429.96151996888983,-1000.9654135746845,-75.25980778169306,-0.09416054781250334,-0.06195995874076037,0.02970962674978569,0.9931828093693934,0.07123565455688494,0.11775211021183064,-75.25980778169306
-432.03206591304354,-1001.360003141645,-75.3331465337257,-0.10932030614068082,-0.06460621323044569,0.030375496328371977,0.9914395781388471,0.0749813843717242,0.12176567430157616,-75.3331465337257
-432.4135403078274,-1001.4500644664629,-75.46635033786991,-0.12408632595840732,-0.054302280566527195,0.030879319815966418,0.9903031422969036,0.07508179387977976,0.10005489321074383,-75.46635033786991
-434.4027255727653,-1001.9843649324472,-75.67393799366519,-0.14051943528684005,-0.06509229120910201,0.029335393648027914,0.9875002362588742,0.07686433686964077,0.12060508605351479,-75.67393799366519
-434.89903642005163,-1002.1300719680017,-75.57194574470923,-0.14192252743517778,-0.06492992402636841,0.027619120319160948,0.9873597547829955,0.07357092825139291,0.12067148565478183,-75.57194574470923
-436.89362598109034,-1002.7962560754559,-75.7204866024212,-0.2662179106092688,-0.04130958218734332,0.03667642392633592,0.9623286249604748,0.09288473596330901,0.06001496541243062,-75.7204866024212
-437.24609650283975,-1002.9662605685683,-75.8438966529667,-0.28425920893798945,-0.038939788426160034,0.03604330593349804,0.9572780552737321,0.0914056305195651,0.05408749452701693,-75.8438966529667
-439.06337180467506,-1004.1150176863324,-75.70079608646186,-0.3433722828400523,-0.0553042567937251,0.03405248370979227,0.9369510888573102,0.1022986105403657,0.08033579361624868,-75.70079608646186
-439.3681694754348,-1004.3619023456074,-75.91663766154996,-0.34757140847844814,-0.05047879806261025,0.0317105841439942,0.9357566167587107,0.0948274867743184,0.07249182866446222,-75.91663766154996
-441.0060562653528,-1005.6980197955431,-75.98802325976946,-0.3059844244119935,-0.04630777053631798,0.037097043229894,0.9501857354164059,0.09921114865981152,0.06534622737803839,-75.98802325976946
-441.3128576276029,-1005.9447331007012,-76.04589689405012,-0.29946834971799674,-0.0448105892003825,0.03569292697659369,0.9523847613105418,0.09516373179059759,0.06401976291583111,-76.04589689405012
-442.9364847775571,-1007.0991504718614,-76.16413033822936,-0.24122925809796766,-0.022066276055056563,0.0400240506934731,0.9693913553692607,0.08838334272865017,0.02347392612431227,-76.16413033822936
-443.377551554244,-1007.3674828285776,-75.93007539963168,-0.2684922167647562,-0.05265872114575528,0.032210572947000235,0.9613019648447967,0.09064870170297755,0.08404419299769625,-75.93007539963168
-445.14930555392937,-1008.4750044188226,-75.93409435110854,-0.3549391984716656,-0.04088447656185412,0.043683247968270236,0.932972882141543,0.11087408118952286,0.04529390726491563,-75.93409435110854
-445.4876694808042,-1008.7191103880762,-76.02124912881942,-0.35440559436335695,-0.03433212126299703,0.04307016588097948,0.933468232423859,0.10499612557892846,0.03357358054371364,-76.02124912881942
-447.0625516395135,-1009.9751010607845,-76.10226084571808,-0.3847551669160108,-0.06452062431475522,0.03226679274591311,0.9201953078859721,0.10973692774293564,0.0940521208036093,-76.10226084571808
-447.43998668539615,-1010.3272346830477,-76.01671576103321,-0.3871976804617538,-0.07924091505927539,0.022930580145827113,0.918298982967847,0.10452349196061386,0.1281266447242674,-76.01671576103321
-448.9715060523482,-1011.8061457019377,-76.35703990150266,-0.3725914127903872,-0.09882737458705064,0.019329689718204996,0.9225156650390778,0.11111159352184889,0.16873500028016694,-76.35703990150266
-449.25400139327525,-1012.0756392252551,-76.32338865209272,-0.378281562756046,-0.09615392551152803,0.02056502784478909,0.9204534542915846,0.11231113595608185,0.16216145892832606,-76.32338865209272
-450.6867164583737,-1013.4032873277167,-76.58333356929336,-0.3562749328010409,-0.09150961213845266,0.024652597594088756,0.9295624844924346,0.11259035167882654,0.1531596984303518,-76.58333356929336
-451.16766793301707,-1013.8535181458693,-76.645761038125,-0.3603587217052764,-0.10085320058566573,0.021792582320007723,0.9270896973747429,0.11504422467547662,0.1721425585555801,-76.645761038125
-452.52004772103004,-1015.1507959143213,-76.91264891068236,-0.3776062708802282,-0.10791313699893533,0.01550666128837401,0.9195258574453817,0.11222033242769403,0.18784986113070432,-76.91264891068236
-452.9850973861685,-1015.6132496649815,-76.97100899175767,-0.3667960222920411,-0.10534037974534764,0.015297733319007766,0.924191572013694,0.10758336445346574,0.18453259775718228,-76.97100899175767
-454.30098767982787,-1016.8331667982748,-77.04055717148762,-0.36662681339630027,-0.11638321675596397,0.01481443530257897,0.9229410918704805,0.11535955157786497,0.20540837595307537,-77.04055717148762
-454.75813138437013,-1017.2677968110693,-77.2485970075483,-0.37907034697817993,-0.11444802714542822,0.01788473047802165,0.91808902484459,0.12229229100491357,0.19787660223767137,-77.2485970075483
-456.08684677498877,-1018.5689898892356,-77.58164571297905,-0.3980228827009896,-0.124933551839802,0.008905027720785885,0.9087849541846398,0.1188216814216748,0.22180079010789852,-77.58164571297905
-456.52319557283454,-1019.0504734261265,-77.6622403247974,-0.4001837649099517,-0.12721561252654182,0.0073546672957316385,0.9075323967225426,0.11847670199346157,0.22696165623617315,-77.6622403247974
-457.71503067702145,-1020.409486354816,-78.0344368060837,-0.4137408233535419,-0.1291447873087333,0.005498773014824472,0.9011714146027084,0.12023015542798365,0.230241900844544,-78.0344368060837
-458.1382436387082,-1020.9037359819267,-77.99751755537608,-0.4111280069288409,-0.1258580208664349,0.008217478008745609,0.9028100539745217,0.1216103746328043,0.2223218317613939,-77.99751755537608
-459.2247237179234,-1022.1987155083275,-78.46223646004574,-0.4045872190128489,-0.10776048788836058,0.014236232807344044,0.9080166238219246,0.1152732297478876,0.1852345061929736,-78.46223646004574
-459.7550796042428,-1022.7966750942676,-78.62085550737837,-0.40301159310543233,-0.1055888167828318,0.018731457404723303,0.9088904169901442,0.12136243350246746,0.17777424671716127,-78.62085550737837
-460.8702905510561,-1024.1125378524669,-78.84425036630098,-0.41590262624166635,-0.1075152409815319,0.0154413211630852,0.9028992435718984,0.11957750753515362,0.18231499761041062,-78.84425036630098
-461.3537809203985,-1024.7209120033624,-78.84632928483843,-0.4428344684666173,-0.11589178651002831,0.009237859078960742,0.8890339640964455,0.12176995171843943,0.19919650066477473,-78.84632928483843
-462.40781111633777,-1026.082346050234,-79.24140980981512,-0.4059172929705236,-0.12299191135023248,0.010417694102439866,0.9055360913069599,0.12184086816248112,0.21596466616214022,-79.24140980981512
-462.9259430038022,-1026.6882716537611,-79.4277661653833,-0.4188182509634263,-0.11359988469341648,0.012067647264237464,0.9008555437732982,0.11945925091199369,0.19581484257444357,-79.4277661653833
-463.95808140596404,-1028.0028643576345,-79.42484378326694,-0.4268993999386175,-0.0931113814576603,0.02273285848391397,0.8992054215362832,0.1220252846374765,0.1485894070348882,-79.42484378326694
-464.38958379709334,-1028.529953513314,-79.55463404209704,-0.415662827009411,-0.08528021508267003,0.0250397540695583,0.9051655704202044,0.11754724897610701,0.1339696243440512,-79.55463404209704
-465.48081614069116,-1029.8440165324062,-79.70388430817943,-0.42836927561030247,-0.08588149113049598,0.023704464949059197,0.8992008849727552,0.11753842315963137,0.13454647302394726,-79.70388430817943
-465.96161417503816,-1030.4599179028564,-79.87022177553317,-0.43357879000337535,-0.0791829868895702,0.029684204778552305,0.8971389721961253,0.12306981701584147,0.11659942738409318,-79.87022177553317
-467.0427497336475,-1031.8284875849695,-79.89714816866612,-0.4377513668876486,-0.07958422841687206,0.03239587740810146,0.8949807810798205,0.12885896728335933,0.11433900117271886,-79.89714816866612
-467.5349613380503,-1032.4712292203178,-80.12417030269583,-0.42633878680540205,-0.07999316046615866,0.0306604623019373,0.9004977896671179,0.12461727115042028,0.11819887313685346,-80.12417030269583
-468.64650212245584,-1033.8105579637208,-79.96710997039565,-0.4127076024018129,-0.07250671172500636,0.031084460224176592,0.9074408895388975,0.11718869525817029,0.10613266056697775,-79.96710997039565
-469.1701912463541,-1034.3949104139238,-80.2183309998583,-0.3991307305070041,-0.07149950734409016,0.033712342295303566,0.9134801357399415,0.11959473668471517,0.10390234455492965,-80.2183309998583
-470.3267632530522,-1035.7283654153355,-80.35864488247665,-0.43138144844572457,-0.06696658689663591,0.033231500983616026,0.899066843743367,0.11830450998925517,0.09187316053166592,-80.35864488247665
-470.81073544519296,-1036.3457537615666,-80.41716850917501,-0.4488142910363335,-0.060393653305888015,0.03526906207087211,0.8908840733016627,0.11766273112336158,0.07602217510948668,-80.41716850917501
-471.81661286846656,-1037.7181994794576,-80.59517347594658,-0.4527434016737727,-0.03951170488357732,0.04185546446630076,0.889781072799576,0.11054470487388424,0.03241964231835903,-80.59517347594658
-472.2657552547728,-1038.3673203861238,-80.2566102715853,-0.4777090689805897,-0.037001091551217696,0.04536899744796005,0.8765652392767372,0.11517034047281355,0.021523039963456565,-80.2566102715853
-473.10260698562035,-1039.73481728597,-80.32487222825901,-0.43724172435152364,-0.033671653975677965,0.04501181948274646,0.8975855559842199,0.11049846126524838,0.021085851848756786,-80.32487222825901
-473.6197729629452,-1040.516068425604,-80.52314908646674,-0.4537570545566559,-0.0500826856259145,0.037444846309100284,0.8889286492882608,0.11242922377646664,0.0550859970473179,-80.52314908646674
-474.6257495728969,-1041.9453514777858,-80.3774036261388,-0.4609541582965901,-0.04685975603792035,0.03491220496036517,0.8854979193414032,0.10536039001980448,0.050824459009201364,-80.3774036261388
-475.0978899256955,-1042.604680938537,-80.34895897752166,-0.4616066135243206,-0.054863970849933025,0.03323000200696945,0.88476270605163,0.10991578897922884,0.06645371343819359,-80.34895897752166
-476.1058697852986,-1044.0001060281124,-80.38174787416789,-0.43247924366191376,-0.06306385964249876,0.028844284718614673,0.8989731145299517,0.10703089201446582,0.08855200385090552,-80.38174787416789
-476.6169153473592,-1044.6292719081562,-80.33740763218117,-0.42474796817853183,-0.05572816270399819,0.03157329933714159,0.9030430012899789,0.10484250283456274,0.07389569892483186,-80.33740763218117
-477.7540802958667,-1046.0889882938745,-80.4826910308577,-0.45112447470915457,-0.0315822505125518,0.04207583636655452,0.8909090266491898,0.10366948304886535,0.01831196837213238,-80.4826910308577
-478.14610587230686,-1046.6294013758516,-80.4093877641834,-0.462480232463063,-0.030314707854170245,0.04599173271141519,0.8849168399295095,0.10966405520697334,0.01111168514159812,-80.4093877641834
-479.1142821001073,-1048.207253689447,-80.56551774252026,-0.49500212660442416,-0.010968091721285501,0.05315502835254718,0.8671949830239627,0.1032918023258101,-0.033607081737468666,-80.56551774252026
-479.45151310908506,-1048.7821030088949,-80.21628343461245,0.5029785995971262,0.017750381533559716,-0.05261945281809939,-0.8625129827937957,0.10886802525127955,-0.02231490025796045,-80.21628343461245
-480.33564392884955,-1050.2638286030863,-80.47384502041439,-0.48681504979728746,-0.023684994645159756,0.04593363719073493,0.8719749017568987,0.10335087399629932,-0.003416936644149659,-80.47384502041439
-480.76684599147865,-1050.9546289321395,-80.24015808083836,-0.47918101548057834,-0.020333873477813534,0.050639421101112476,0.8760181145518249,0.10843067348375993,-0.012905573684495741,-80.24015808083836
-481.8072161091364,-1052.5157759558488,-80.08950398922114,-0.4910266124836694,-0.01567631367510222,0.0507299858260642,0.8695249206092138,0.10382977863733531,-0.022559568882592567,-80.08950398922114
-482.16339126869036,-1053.0807105791819,-80.0735260312014,-0.47510028228858703,-0.014165836391596307,0.05076450109798038,0.878351874977736,0.10284778921391516,-0.023353402387415307,-80.0735260312014
-483.17814005536803,-1054.5977014118016,-80.16348324677998,-0.47743435086438385,0.006764320561261186,0.058022836059724664,0.8767234655680405,0.09564296380661284,-0.06731589529265099,-80.16348324677998
-483.5315097122242,-1055.1342577689893,-79.8582244722137,-0.4749784420972218,0.001834533330056355,0.0556832514033906,0.8782320248906345,0.09636359587248013,-0.056148477961705086,-79.8582244722137
-484.59326583763755,-1056.6183803876784,-79.73479807762223,-0.44440635256199273,0.0016620547213142657,0.05749467221396291,0.8939768420063565,0.10164394186010946,-0.05410005829650417,-79.73479807762223
-484.988071085352,-1057.1228021424804,-79.76749102957953,-0.4357377778997902,0.007266026466388023,0.05770586919379953,0.8981925330523133,0.09768090336159535,-0.0633842690807196,-79.76749102957953
-486.106476530176,-1058.5950942911768,-79.52446410013096,-0.44613276230656146,0.03027953501650971,0.06598963893784145,0.8920168584218319,0.09142135193013567,-0.11314122234942033,-79.52446410013096
-486.4849032435181,-1059.1090246232357,-79.34191886704127,-0.4564863578715541,0.035663140842641446,0.07347065043768523,0.8859742710635929,0.098625618624237,-0.13064124464811228,-79.34191886704127
-487.5023927304089,-1060.7497654293986,-79.00342374553794,0.5087221046704157,-0.04486035785826362,-0.08219124228215297,-0.8558235613750346,0.09643576030494785,-0.16110612526913512,-79.00342374553794
-487.7531304886914,-1061.1983680252151,-79.27844695749323,-0.4995863504408295,0.0338395304689899,0.07535360420285525,0.8623167625440725,0.097169052231512,-0.13405318739780772,-79.27844695749323
-488.7407233913735,-1062.8839429018255,-78.67829988979577,0.5033160156890931,-0.025718582620156097,-0.06802524173217404,-0.8610366480854027,0.09197070414263056,-0.11300603947922179,-78.67829988979577
-489.01427844550886,-1063.346611417136,-78.51703920523397,-0.49400695548793355,0.02354511693877519,0.06448588356644952,0.8667435181289426,0.089128099683396,-0.1047193948843714,-78.51703920523397
-490.0431045673101,-1065.0736755371422,-78.11696933323557,0.5064681787192284,-0.011314248416047395,-0.059635637908361024,-0.8601195047310989,0.09154681607225965,-0.07995548104977222,-78.11696933323557
-490.2965191276821,-1065.5209665430518,-78.13699547391417,0.5190715094594911,-0.0013944090595491927,-0.05520318076975152,-0.852945152119245,0.09302268438786138,-0.0597230030054965,-78.13699547391417
-491.1501158512217,-1067.3183380160287,-77.95479267819152,0.5330518258692053,-0.0024279324183024047,-0.053309556997146845,-0.8443979791629338,0.08771575878039164,-0.06097156611111154,-77.95479267819152
-491.37556380423916,-1067.7844157742832,-77.79156124473212,0.5372704362727134,-0.008652651981445237,-0.05424828438322489,-0.8416191143043823,0.08232666501928336,-0.07292108236688902,-77.79156124473212
-492.28155077840745,-1069.810138168111,-77.58032362632046,0.556331024392267,-0.006319455280045738,-0.053849285714994116,-0.8291900326291912,0.08256956763343966,-0.07045438792341643,-77.58032362632046
-492.329084215937,-1069.9237721798602,-77.51687301670232,0.560676140961484,-0.004106502928797275,-0.052958444576822424,-0.8263297191425695,0.08319550999853674,-0.06622010988665611,-77.51687301670232
-493.26813558081085,-1072.149736735161,-77.22580724055139,0.5471590404629739,-0.018744769823138024,-0.05607211740029385,-0.8349380430272432,0.07350286850268109,-0.09279529364065232,-77.22580724055139
-493.31746092339995,-1072.2613319997943,-77.22037674409698,0.54801064734582,-0.016848703877527592,-0.0583553607335186,-0.8342632099325272,0.07932064180074114,-0.0922018073229254,-77.22037674409698
-494.2097989514464,-1074.4481310310932,-76.79444361964757,0.5611335448242938,0.0024292778607017287,-0.04186164580627231,-0.826662474104388,0.07206605047575972,-0.042976790212760047,-76.79444361964757
-494.26553808918015,-1074.5858248515083,-76.93123691628962,0.5635370126056897,0.00012008154231222642,-0.0446830572577116,-0.8248814735451281,0.07401243927444526,-0.050184068738094854,-76.93123691628962
-495.152033765884,-1076.9149657455084,-76.72395086625417,0.574085687730322,0.0035886945748411754,-0.04237460184001874,-0.8176901231721903,0.07355261443937539,-0.04279748828989494,-76.72395086625417
-495.1944982235129,-1077.0304269388355,-76.74498433431222,0.5756422568653545,0.004108201007249213,-0.03996505420891985,-0.8167140927139209,0.07012133381143539,-0.039310820670221285,-76.74498433431222
-496.03827715063267,-1079.2447745868972,-76.39659818250794,0.5596025187668178,0.008128852675968044,-0.03955969555123872,-0.8277765237259986,0.0746959145963473,-0.030822543878610324,-76.39659818250794
-496.08560535784534,-1079.3590519106376,-76.51929299460862,0.5572512389917595,0.0018979947999186687,-0.04078208578967793,-0.82933966246438,0.06987908411546545,-0.042316198798045504,-76.51929299460862
-496.9659156639394,-1081.5858101986457,-76.33067582812166,0.5683347465214872,0.007473624039135563,-0.037951973169443785,-0.8218877104401942,0.0709728910953179,-0.03085878799178426,-76.33067582812166
-497.00947669138276,-1081.7014049161578,-76.13030068919113,0.5696669384286965,0.005096789578599882,-0.037929154645480065,-0.8209841540645876,0.06817959622750859,-0.03485225914188353,-76.13030068919113
-497.88766317429764,-1083.9560909052254,-76.21077845926968,0.5596278808533887,-0.006774362706123327,-0.04779894192473568,-0.8273366933312863,0.07172104853195711,-0.06475384213939506,-76.21077845926968
-497.93372534598916,-1084.0694553460226,-76.01636323406927,0.562958796665574,-0.004529946254247069,-0.0487054608530186,-0.8250361512848257,0.07548540702936425,-0.06235347084298821,-76.01636323406927
-499.06274473349293,-1086.661286203155,-75.67065101274497,0.5380999561178413,0.005715340925581979,-0.040172564564331555,-0.8419037576590369,0.07390268404875332,-0.03361650759636069,-75.67065101274497
-499.06274473349293,-1086.661286203155,-75.67065101274497,0.5380999561178413,0.005715340925581979,-0.040172564564331555,-0.8419037576590369,0.07390268404875332,-0.03361650759636069,-75.67065101274497
-499.8888066560753,-1088.2659450301967,-75.48381169336197,0.5088037517098576,-0.01781771282813981,-0.04650945968422965,-0.8594405980144462,0.06204126802224179,-0.07803407829377373,-75.48381169336197
