0.4404827868403713,0.2797199648313313,-0.3591999999999995,0.9520403976946653,0.0,0.0,0.30597235358343017,0.0,0.0,0.0
0.5127745898601026,0.30967048043355894,-0.3420731484876965,0.9314114701310711,-0.20995996554742916,-0.063270807195729,0.2904931860343723,-0.4535332216461896,0.00834818684866885,0.35050273177144425
2.4983437150603622,0.7470869061714123,-0.29685790683441937,0.9463127012311063,-0.3092499685074185,-0.045816038485667746,0.0822047388191682,-0.6296935483570426,-0.0331905549046326,0.3092007748274488
4.65746392348459,0.8428135294797653,-0.31003331476047846,0.9657967431072514,0.23877269162054576,0.026621077440695907,0.09754778816355682,0.49992576488132,0.00780202499140253,0.3113333147604803
4.873108807646145,0.8745973812797163,-0.3097508455668045,0.9639107970647842,0.23655252598071536,0.039941025063757345,0.11542786609364052,0.5038769568869957,0.01014536636732104,0.30166627214351704
8.80175381787788,1.4980808062587485,-0.3118615778809493,0.9763402909009381,0.13801868233580156,0.039259701633431045,0.1617688335787053,0.2960905178715204,0.029461683858317943,0.3118615778809493
12.800979645280464,2.3241771781056904,-0.300585936040265,0.936668001657986,-0.3368178256564068,-0.039977264759999465,0.08722743428780919,-0.6268905925926931,-0.005034635523834493,0.3220824964413073
13.421087460954476,2.3941328928025705,-0.31778973320107334,0.9454452983693813,-0.315703171572439,-0.035085094720785845,0.07234453247321404,-0.5947454128915113,-0.02557950483332986,0.32223491213750083
17.295630503158574,2.514649215151818,-0.3056005950793892,0.9965224373945014,-0.07564289750456117,0.0035805569373537076,-0.0347615223840218,-0.15940945260628953,0.0008909890946487487,0.2973481674553111
19.144023394597642,2.1013025089585993,-0.31099534324310446,0.8837643072637927,0.41123912840235755,-0.08216286649480191,-0.20758682965635242,0.9003848171915916,0.024457472364124953,0.3114767195918757
19.49514527563902,1.9251305950349125,-0.3092909037260301,0.9442553631750034,0.279647409429011,-0.04007016628178188,-0.16903702934279183,0.572529923351728,0.018869715668094544,0.30684208203978247
20.192083504563072,1.7419464171337906,-0.3143326264923358,0.9395269069529879,0.2755772557107772,-0.038365487969397295,-0.19968589479264331,0.518484542183604,0.02825070349878924,0.31538082834302555
22.16091987493615,0.953264002750401,-0.3235739565415987,0.9686707360036303,0.21900770218504267,-0.0230100943267628,-0.11481797399748105,0.44403167817059297,0.005713662383351117,0.3235739565415987
22.650103515978522,0.7652732606883854,-0.29996366902448873,0.9859954441315036,0.10763694172838728,-0.010068359517099999,-0.12698779887813194,0.2627859215277957,0.02385296736920717,0.30959690487658925
24.318661878432163,0.0756520732529759,-0.30709407818721335,0.9395655563183328,0.32500393538274147,-0.022459436576373094,-0.10528333711762959,0.6296458489642192,0.02392894691613854,0.3182351116822947
24.53127336155888,-0.0005874112468481907,-0.3059359828043469,0.9529121465408126,0.27249042780957616,-0.026719124580917672,-0.13035910443373247,0.5907766016946266,0.01374156739566448,0.3107117908688724
24.780795832405108,-0.11886252337460695,-0.3160010214166973,0.9868466599831279,0.0839576288726163,0.005780041223734415,-0.13802672696867357,0.24620466899337792,0.03992516862330024,0.3208770249652461
25.797291410542396,-0.5673473232001486,-0.29630127896123226,0.9553661412353117,-0.2532183525622448,0.02843384729827467,-0.14949086405072173,-0.5559657099612834,-0.0262014098274482,0.3046947993989687
27.134241513152265,-1.048617246016376,-0.3038234908914455,0.9663101211418911,0.1682914633461214,-0.028841107932142705,-0.19259004033649135,0.3332753152820131,-0.00025481480174391476,0.3038234908914455
29.082618617698447,-1.6594166823977992,-0.3065123881346212,0.9497160077386567,0.2746644493948425,-0.03670484637889389,-0.1457796252426151,0.5800774888207682,0.008412436118634436,0.30273140545848076
29.622841766057,-1.8477471638586596,-0.31311644292008234,0.9448809186754944,0.27325838935282204,-0.037789187418728255,-0.17635724959719484,0.5594380180421085,0.03222786507675375,0.31557005917626646
31.41238999833187,-2.527203343361094,-0.3119173624818806,0.9852580608210899,0.050047262012905984,-0.013014600154916874,-0.16307190234643382,0.11765667478131532,-0.018256754766182708,0.31619831508497565
31.97573730166806,-2.76794638374847,-0.2987066000326789,0.9645718880014177,0.19820467647154008,-0.02678242168630619,-0.17204267200555087,0.40240708031704847,0.016532935355384776,0.2987066000326789
33.65162516201734,-3.2782593955222956,-0.31793116816381056,0.9053231208207734,0.38336873726292103,-0.06475129524576857,-0.17095533908235788,0.8039223046388839,0.01739978282585924,0.3202240529274672
33.89627659584726,-3.3496197776494037,-0.303111539460322,0.8813048602132995,0.4487504380771251,-0.056381852110474515,-0.13691557414186872,0.9131710505335954,0.007341336810067588,0.3183900598227625
34.826121686094936,-3.715506979004671,-0.30885170420904307,0.9449998064127594,0.3073129342888667,-0.02459771790756423,-0.10922032124267805,0.6254219681178779,0.01677581629306214,0.31003783980833405
36.635375296797115,-4.248095264300811,-0.3217876155719387,0.9910366298458945,0.10710946932454121,-0.00021561908998641606,-0.0798367922271112,0.31024822168771365,0.04574036213644118,0.3227055936372444
38.87059812587645,-4.862759950401993,-0.33192251300779607,0.9945289416577654,-0.022313130840225327,-0.01613111203071475,-0.10076753257793271,-0.04117030393156202,-0.03659075841019577,0.33192251300779607
40.00322916941367,-5.237063843734344,-0.3092532118826905,0.9861172798460069,-0.03655442998138818,0.020429480355799105,-0.160683292131572,-0.015253526819644354,0.028384982915496747,0.30737572921651474
40.93254085058903,-5.651982688760777,-0.28479314780290793,0.9891680699042498,-0.0195610414061716,-0.012160881136171139,-0.14496899017030898,-0.15603085552018725,-0.03860341173472689,0.2873873062775673
41.9814995698274,-5.946360266830463,-0.30316566065335404,0.8943656460445397,0.4104624545364499,-0.06701262931936895,-0.16474213821287734,0.8196471675634979,0.011568690614637564,0.32801892158162566
42.807226626637714,-6.087604278161153,-0.3336203447582425,0.9225822722795547,0.358873382983948,-0.03999606002582382,-0.13583873175041422,0.7476947969173061,0.029743287517536413,0.3174487954886792
42.807226626637714,-6.087604278161153,-0.3336203447582425,0.9225822722795547,0.358873382983948,-0.03999606002582382,-0.13583873175041422,0.7476947969173061,0.029743287517536413,0.3174487954886792
44.65333979035983,-6.0634036017064945,-0.30905563341080067,0.9246305098377964,0.37660855223698997,0.03322250144351837,0.04605088551690056,0.8134573365005365,0.028083661450588913,0.3114407757712615
45.28976432401252,-5.872111327823177,-0.3134470256442327,0.9341854425027251,0.3423383454707851,0.0492173599761162,0.08763371333735971,0.6997494346853612,0.03622328977893429,0.31684505207686575
46.85724995109878,-5.066519752322265,-0.338275570528368,0.8963653506623235,0.3585318673131594,0.11967281146052443,0.23165162734175287,0.738618507115015,0.04434071469339867,0.3186960717672602
47.69828193514227,-4.466682191728036,-0.32310919361225054,0.940312235727662,0.1580705322409977,0.059280184440684516,0.2954868286583549,0.3258531746737639,0.022067684511075616,0.30808293752717786
49.3826103768012,-2.2514511672693174,-0.3142954206256363,0.8496765401878557,0.2239735395007676,0.14060725990229772,0.4561964808288873,0.5522806560852347,0.04472248501630884,0.3178610364068321
50.263886486809845,-0.8617143370281912,-0.3127376329091679,0.8255047788016575,-0.30006713574927224,-0.16600809015516224,0.4482665370311392,-0.5873161409788544,-0.003820197839889122,0.32160711017045734
50.725320819198146,-0.09213646533034414,-0.2969451627293548,0.8679106969906505,-0.031074103326730336,-0.022375410749128168,0.49524212577834187,-0.020241881294896277,0.007160856503484923,0.2976558032549495
52.162924323836904,2.125646522274497,-0.3192817068062272,0.822694339763826,-0.30777144566337944,-0.17235728234509642,0.44580682787217224,-0.6602389975997118,0.002463550315238495,0.31763916455513147
53.13809241283607,3.4725259055860582,-0.36043693783555325,0.8721177898981364,0.26240013819639246,0.12232634875808938,0.39445277590253885,0.58129857733928,0.016135000970951094,0.355297593148535
53.64086143286215,4.424394935367466,-0.33319914561520747,0.8281865117864875,0.2735892282441089,0.13159770207425284,0.4711030467875361,0.6337970318052116,-0.03040751604983245,0.34895787813688317
54.964221555603025,6.517900603238934,-0.30341769779252853,0.8448340479386807,-0.17695744200475175,-0.0954914552187118,0.49580528147942365,-0.38306297245655657,0.020747522386054408,0.30553525506315016
56.31067362927355,8.722260378487537,-0.30273799762015086,0.8563405873216737,-0.10218753171732617,-0.04939342170080993,0.5037844745124416,-0.26837395779686946,-0.0042683955034030765,0.2929150913364074
56.65341708919025,9.836263379570012,-0.31413562387931954,0.7809218410618699,0.30005349467220144,0.20564555354644387,0.5077783815742017,0.74445792218939,0.016465596746714235,0.31413562387931954
58.0726756230237,14.67444144151125,-0.33704519249381526,0.6503706199358099,0.2374645169372984,0.2502451458903112,0.6767614253770545,0.6681176208843044,0.021119266860690673,0.3447222015647017
58.08660590839271,14.826124239930952,-0.3142794239709483,0.6505179303069817,0.2288264023310266,0.22445427172365068,0.6885384374531067,0.5630178495900281,-0.029437432101340172,0.30429511009606186
58.319034715039734,16.13425878843553,-0.3248240045445415,0.6780857464270535,0.07996624215709776,0.12803553502041595,0.7193135772246858,0.3121982607768252,0.06045132190795469,0.3248240045445415
58.07826607013587,19.066939795405656,-0.31822417981475415,0.6201950236222104,0.18112808164137875,0.2385459162024538,0.7250148940389376,0.5904450499800478,0.024273114784005446,0.3128815480041985
58.07427334972587,19.078904426348466,-0.31822417981475415,0.6202900565209967,0.1811593497614226,0.23852217106586257,0.7249335898447695,0.6155079041638128,0.05544539129204999,0.32697474464578635
56.66698588572129,21.385437236124037,-0.3577678805746604,0.47859797523210723,0.0027819509356062136,0.10878058859047585,0.8712651848884063,0.1351375068890451,0.0726758477355123,0.3486237798331644
54.982496048370464,23.16925733988569,-0.3091162494300898,0.38377628777680545,0.03856034999700588,0.12069735794044144,0.9146917558033199,0.2981962058830204,0.007215642460373744,0.30127112889474444
54.75657827445969,23.318943509539846,-0.33069297857496643,0.35439810098173785,0.015853888734121822,0.017620898161117986,0.9347941720938036,0.0746412302818741,-0.026692308132023695,0.31221601436806057
54.589689991108216,23.420232956195303,-0.3047883607668157,0.3495843136940537,0.03899447027981212,0.0703536235790642,0.933445556289144,0.12109206281555047,-0.026868679845848117,0.30179486524489424
53.42449744023969,24.195530291479493,-0.31242895454059805,0.29942216286335327,0.08288996995261387,0.2261283189780102,0.9232234857409476,0.3484812229610323,0.012814459496604362,0.3309959004261188
51.91908539588996,24.97384084891482,-0.319651611637254,0.26884122070349287,-0.11223649442536335,-0.37341899148091806,0.8807301653577759,-0.8030013567484523,-0.005749983147105171,0.319651611637254
51.4261079197513,25.194601089987085,-0.32956227155374196,0.2919436268196113,-0.10312128324481033,-0.3147407363523577,0.8972587077213187,-0.6751564459017313,0.001279834877830464,0.32956227155374196
50.55905393365524,25.66036731586313,-0.29709040117073665,0.2926390175603079,-0.09618206530527744,-0.31419906691214333,0.8979924064637114,-0.702023493601784,-0.00319762838978191,0.29861520876895487
48.804169753505214,26.65694771688304,-0.3412368932380463,0.31639137217113794,-0.05248604816905972,-0.14338836544630398,0.9362593075734397,-0.3134456029453609,0.0009991562065200408,0.3235301987071811
48.620014420401226,26.769260076957778,-0.2864667128313139,0.3292655854754535,-0.021456583361462833,-0.18271985662726842,0.9261410493256791,-0.4353892713411803,-0.06073585145214243,0.2906686456998021
48.29644382911228,26.98327044757111,-0.30806661008815256,0.29022608730263705,-0.09448275996204161,-0.24369761768265255,0.9205722662858994,-0.5067004273697236,0.010936430947959007,0.3097009151086551
47.69653336205224,27.459358196832454,-0.31264307103769484,0.3219719518311132,-0.029851553703920196,-0.03690195443735898,0.9455586669975737,-0.13244718093682362,0.05070592614334014,0.32842324755990493
46.29369535280181,28.86496110505533,-0.2970501811728324,0.30005303194680427,-0.07075607616258363,-0.26080951575192546,0.9148443322220732,-0.5222469593916489,-0.027029329201505317,0.31425983511878386
45.23287153906429,29.77113301606608,-0.2993044085720163,0.3433102913577823,-0.08060250343814851,-0.2602944316233588,0.8988259504226669,-0.5686005856882712,-0.03147329936800586,0.29867154391511486
44.69251224356162,30.211479183153717,-0.31940563844300385,0.3170375063035689,-0.07338595794027326,-0.22510593003760782,0.9183839289947895,-0.560100784132872,-0.02497252084927796,0.3057410306753883
44.41106417804168,30.556065042522714,-0.2978969868673531,0.3362785301517581,-0.09769506000740967,-0.2852733005221109,0.892183596250426,-0.6256656188081517,-0.013281907733133445,0.30239603321263653
44.04807432891171,31.000005853903364,-0.29972370539861254,0.343141942385755,-0.05488483325157586,-0.1718145015096453,0.921803145756007,-0.37774777992278596,-0.017846463429684725,0.29972370539861254
43.146148392471616,31.901834767541434,-0.2977738928585462,0.3128075740883206,-0.0542524138117931,-0.20498314709814974,0.9258455630364666,-0.3969354147890566,-0.01901942203290577,0.3078338074850093
42.70687824835928,32.34353668228189,-0.31629982161679404,0.31326594674787317,-0.06715610655085988,-0.2109835429858754,0.9234936104544607,-0.4637337076989542,-0.007935181316908305,0.3142086456852385
42.071396455757075,32.900982755343406,-0.3113690393224989,0.2872983513603955,-0.06274961179943475,-0.17164589851496695,0.94024455810582,-0.36709052175842494,0.019374006702814233,0.3113690393224989
41.3003507270133,33.439527130219936,-0.2791147255167212,0.2767137481742016,-0.03665034587352581,-0.1912787474742324,0.941009401910217,-0.3932582627336179,-0.012926822861512392,0.27874821405593153
41.3003507270133,33.439527130219936,-0.2791147255167212,0.2767137481742016,-0.03665034587352581,-0.1912787474742324,0.941009401910217,-0.3932582627336179,-0.012926822861512392,0.27874821405593153
40.86573689003636,33.746639850881294,-0.2894901927256097,0.28418790336270316,-0.02322757591242961,-0.12458061903304882,0.9503564513701612,-0.2527658434760823,-0.026662815621598678,0.2894901927256097
40.2621370951419,34.14235564387295,-0.31389223988721665,0.325690137536689,-0.06001448311118353,-0.15649399892027435,0.9305019207020323,-0.3428255154619437,0.005236377434665464,0.29893388581289476
38.355480401673766,35.466864482713625,-0.28877228568751045,0.21902413744038582,-0.07187719071758686,-0.31334097734651645,0.9212380412187571,-0.6545672905442345,-0.004826488544956211,0.28877228568751045
37.877928592104276,35.76792384645894,-0.32935421374678864,0.26426161147865146,-0.02849174475426718,-0.1956111643438759,0.9439757907719865,-0.3950306869315354,-0.04961436094345095,0.32935421374678864
37.30926429199854,36.16429007136611,-0.32307856722837414,0.3016635808359977,-0.07509889407101054,-0.24175394560125993,0.9191921833287844,-0.5036825959909443,-0.00508636993886977,0.3184708320006753
36.57320670609191,36.939458002876705,-0.3376813613825304,0.3625081171626292,-0.11718270733371403,-0.3047153237431253,0.8729287769166904,-0.6593461410702156,-0.01641498090015489,0.34107271926168875
36.31252039873606,37.29019504428088,-0.31193449623255115,0.4064197502499176,-0.07471578433639572,-0.21353014288363453,0.8852374914438986,-0.4659313993510787,-0.041351990851097316,0.3151058760651736
36.09677308613706,37.59578618109383,-0.32835197881892053,0.413014926675435,-0.11533236989046347,-0.16189694722324638,0.8887668385344536,-0.36856224613957267,0.05535188038719823,0.3216277808191316
35.59510078207585,38.245706865926785,-0.3330134999618194,0.45107281706765034,0.009054252362213846,0.06863498878794955,0.8897980515436598,0.09888186168682399,0.023125512597627115,0.333631096074236
34.78663707981409,39.13990969264024,-0.3059156666071102,0.4010119184639472,-0.0478659029563292,-0.08292752957989055,0.9110550594897194,-0.1906448860800216,0.024966413246731295,0.3066568012802595
34.40907620431614,39.43188489210521,-0.3007171962284196,0.39431890841547773,0.014089281376779192,0.03738546283191937,0.918104796733551,0.023379665661953777,0.02805067190362604,0.3085412798095625
33.93042509455402,39.75788762735434,-0.3098028026414595,0.3682509190022531,0.069543613272137,0.20185842604818807,0.9048801701553636,0.439616074254153,0.028637716695994714,0.3098028026414595
32.924203947722006,40.35558923154655,-0.34447893780459676,0.314702575897978,0.04832521453965829,0.14690075672729228,0.9365079444595342,0.3010645793522957,-0.003487145847389489,0.36897055790577377
32.070810481353355,40.7276492986527,-0.3139053258922149,0.28461549006720516,0.044039915090411406,0.21588240767940364,0.932978721486818,0.42200918552492955,0.03620139755834665,0.3151192838539757
28.54433085429468,41.99216819135728,-0.30651023442424546,0.035381037568328264,0.004135667829200413,0.2462338655011054,0.9685556059992522,0.4890828926503413,0.01592559251069174,0.3095083601622806
26.465749098474394,41.66574732485133,-0.30781396292499374,-0.0920774693214861,-0.04134405295793248,0.38299438945297515,0.9182198574284404,0.777400622663047,0.017035515808209455,0.3127982548810782
24.94707370060671,41.08431256726775,-0.31000780731822153,-0.18329802637163115,-0.094975818497273,0.3848754629820609,0.8995845182212632,0.7971970644270489,0.01953561506835896,0.31235701031763874
22.805109609383962,39.16136917850176,-0.3107237024018527,-0.394349061452069,-0.09430476371761423,0.18424449239545518,0.8953487567947913,0.4576742324950503,0.003931197741001377,0.3043308306740534
22.247160440419595,37.89755839785971,-0.3197916404527001,0.5105326742710365,0.1873567621213684,-0.2736041979251328,-0.7933439197893969,0.6569426322414406,0.01775205791805591,0.31670819199312716
21.96719004813471,36.66122516146423,-0.32289815384465204,0.6252932578159616,0.16871435766288995,-0.20810406202854292,-0.732964191905389,0.5504041945640149,0.004855355184207737,0.3204767974337221
21.608248920682694,34.189031376323285,-0.31167408731879204,0.643348006218346,-0.13409901854223297,0.15180703006680163,-0.7382922332946392,-0.47907218722190575,-0.0029896453376688933,0.30959621063529424
21.649341097617068,32.98408836891885,-0.2968267781972397,0.6575171421647186,0.268172498286175,-0.26857562476038976,-0.6508623915291611,0.7966510584165224,-0.008404853895113484,0.2976162812915418
22.010307615332547,31.567951911941638,-0.314330770163512,0.713993441995771,0.3505092850908123,-0.26036435049061085,-0.5473271515700291,0.8907823990649448,0.01296249131654041,0.31431995054157574
22.741425182000476,29.011233795884475,-0.31101749734907175,0.7807172260881576,-0.2702361388152094,0.1804456848456798,-0.5337531236330453,-0.6618747476578424,-0.006724708041380198,0.31101749734907175
23.106501220164265,27.940240374699794,-0.29723995660407965,0.777939002748755,-0.2628401151122578,0.17260553345372376,-0.543997529140715,-0.6096623335948009,-0.01630151483524289,0.2866608135474409
23.54305030098154,26.999007487249962,-0.3139974048111714,0.7847750636766448,0.22779481767399315,-0.1394193009320319,-0.5592851499904263,0.46635112837205556,0.026372307294781162,0.3083236023314206
23.87392392387785,26.33971140362282,-0.31270577815089706,0.7654861675091915,0.2800851706741956,-0.18709473167354046,-0.5482506597355834,0.6860683176524757,0.02108660866697803,0.31410577815089735
24.297359744763494,25.563515557389575,-0.3105060090052008,0.8117208151853877,0.26403432360200774,-0.15658275949005268,-0.49686721927017935,0.6494378380581686,0.009180508550395948,0.3089177309351467
25.023189883846268,24.33500123850835,-0.307979785708994,0.8381103656164904,0.24089776459146697,-0.12915332998910795,-0.47207912410288944,0.5185692560258236,0.012032639086373696,0.3053522714122282
25.329425665830847,23.96964588745923,-0.3081967689909032,0.8042388903032739,0.3715738320958403,-0.18320639752987108,-0.42610809723531157,0.8457526237641724,0.02913737977184172,0.3124443133665505
25.778412432742833,23.48632952004128,-0.31138671891082587,0.8825956976084496,0.24754431187256476,-0.09704742113810164,-0.3877221250754672,0.5732544364142291,0.011508903173254797,0.3126499259645498
25.778412432742833,23.48632952004128,-0.31138671891082587,0.8825956976084496,0.24754431187256476,-0.09704742113810164,-0.3877221250754672,0.5732544364142291,0.011508903173254797,0.3126499259645498
27.075433042327358,22.2804187311686,-0.3124196335240003,0.9254817492585228,0.0680443750136541,-0.01405796606673638,-0.3723652352307509,0.2086343203945419,0.006217032821604622,0.3056936308502283
27.795548413192396,21.636824811621327,-0.3193344011425729,0.9337180742589867,-0.087611883682659,0.0461872123470932,-0.3440369995440459,-0.19929762736051296,0.027198345110723297,0.3193344011425729
29.11781260270895,20.48652919035817,-0.3174958568099465,0.9302653512698483,-0.08009567870367526,0.03865649083148436,-0.35594484712716246,-0.14685031600470555,0.01995867725780292,0.3080385481557686
30.494109622673733,19.15576736756602,-0.31513089776632625,0.9156031339206996,-0.2038514619600474,0.07752087335799042,-0.33779579157407985,-0.3964520535343576,-0.011627489191559684,0.31245150472336064
30.980119528435335,18.746543557849808,-0.3247071630791794,0.9129416682574548,-0.21350339191741668,0.08001893068624735,-0.3384535163517771,-0.46005592613919666,0.0015832853122925822,0.3247071630791794
31.316944175677843,18.376837275856047,-0.2866195426012745,0.9240802825053092,0.00483711758410957,-0.005514259521878798,-0.3821280239923665,0.09153398726578023,0.009179434689514574,0.3127187494026178
31.316944175677843,18.376837275856047,-0.2866195426012745,0.9240802825053092,0.00483711758410957,-0.005514259521878798,-0.3821280239923665,0.09153398726578023,0.009179434689514574,0.3127187494026178
32.34231391601804,17.38048547041381,-0.3188599068043618,0.902353844724862,0.245994829523027,-0.0919072399010607,-0.341755968509645,0.531433629634744,0.00227470182012192,0.32059187036782105
32.80458847934562,16.854942842728693,-0.3089364359741261,0.9003314727422873,0.21675018191845433,-0.07768331089788698,-0.36930732599823013,0.4536057415261745,0.021346424246118843,0.3089364359741261
33.216848161717856,16.4021725672735,-0.32033673562399295,0.9150036165956849,0.11591531758821315,-0.056587372107249574,-0.38226939464628423,0.25486695068269744,0.014886981355006325,0.32625421115687064
34.22549429124526,15.307921703369155,-0.29040031111467896,0.913000833046265,0.14681232450686002,-0.0692209899010201,-0.3742780714747273,0.3626886190860999,-0.012647539867588913,0.294600230647427
35.000473290427664,14.138361372837439,-0.3181077370214006,0.9107766095435793,0.08919521440885926,-0.051434484750907984,-0.3998558177809455,0.2755827002736914,-0.001797584050108307,0.3269720578352599
35.202886593288774,13.810166131534988,-0.30755900330210256,0.9114053599826946,0.04855747408909766,-0.02015330321511045,-0.4081375820411801,0.11548205371576778,-0.001453152169369537,0.31051346481621867
35.34657005075943,13.580159080415369,-0.3086037166515343,0.9126320217531911,0.04087550171599432,-0.007687537070240751,-0.4066606546052153,0.0923565731759791,0.017304475243043786,0.3086037166515343
36.43212907706983,11.90493799451274,-0.313572691134684,0.8235526861592528,0.39676007682843184,-0.1622351065141529,-0.3715133709159303,0.8955830075892461,0.029383255829524425,0.3098179872798186
37.21726357025556,11.030308179783113,-0.30799365657338534,0.8763441120303828,0.33580158154040485,-0.1210896692019442,-0.32341241033269963,0.7300240085794936,0.004972380983342497,0.30799365657338534
37.86457109702003,10.418393046383986,-0.32140310057784954,0.8870421520167178,0.3594319583372188,-0.10787660632152837,-0.2689377728768718,0.7647157761069724,0.008963203943684217,0.3370119251586611
39.19641814188592,9.373586051414065,-0.30620484913888174,0.9576817820455162,0.165461313458217,-0.03588463361406119,-0.2327669460150872,0.34684807260899914,0.012038925760040545,0.3036770856843285
39.91209846673144,8.845627870796774,-0.33166893771979156,0.9638418994169808,0.09101852850074692,-0.01970287039502969,-0.24967221971221065,0.2057785454262543,0.017074967095698692,0.3283882911091179
39.92230626018663,8.83834142075852,-0.33166893771979156,0.9644203401618923,0.08386929088602882,-0.023527798786182726,-0.24961128222212162,0.11991917928303857,-0.022642746298998477,0.31330173233541586
40.20300563011065,8.598318655406668,-0.2971144074880039,0.9638532348961832,-0.06878209704383262,0.012997231523770006,-0.2570739906702605,-0.04876674401892802,-0.019983976143445513,0.300669278340353
41.53274134129357,7.464969199997781,-0.30039023813514554,0.9563669173621099,0.06561225514730454,-0.026213086273213365,-0.28349642935637404,0.017582451367399554,-0.013092387052437125,0.28981471744759174
42.21999794701474,6.903169954154358,-0.3175794981166621,0.8945178903934681,0.3209068880410801,-0.10402738856615726,-0.2933169197334427,0.6881915135118107,0.0021461211636742755,0.3175794981166621
42.76433359675107,6.551530424986536,-0.3129591249267782,0.8868139177756091,0.3271541324631969,-0.10068339773856443,-0.31047399612776916,0.7309042626332376,0.038375814844973766,0.31855045575023655
43.97178872152201,5.676525775365783,-0.31387446026376453,0.8995163332468507,0.318505754018481,-0.09431057062843,-0.28377802442578176,0.7064527063849887,0.007703824166890206,0.3173842388103394
44.84531343602137,4.864153894785456,-0.2984782156509235,0.9336725956194639,-0.1965295168602852,0.05856909963101149,-0.29360056839231224,-0.6207053123482686,-0.014371620721180277,0.3227713236225736
45.05865329434826,4.671381101032806,-0.32037511008669667,0.8840367971622052,-0.3800423838989202,0.09414586019372169,-0.2553101735379932,-0.7975465283058831,-0.03086949476189719,0.32037511008669667
46.80320456960619,2.616830752697524,-0.31937552088380533,0.8509271264897126,-0.32228865395907513,0.14400140423946406,-0.38899440164386795,-0.716550819746606,-0.004223629090760253,0.3120340516393584
47.73938416624372,0.8031375125342399,-0.31263499423653596,0.8644347592754098,-0.08135812246416,0.06586884340577079,-0.4917262432837577,-0.16607225929337904,0.03835243576615959,0.3228202837195625
48.0100428151857,0.09137526202166593,-0.3006997932579617,0.8454151288011252,-0.16906100873316773,0.1055278102546854,-0.49553558558710165,-0.40015516212753766,0.015760853706842794,0.30858853014540755
49.002275828580075,-2.581642540699551,-0.3204342587197375,0.7567375845231487,0.35368798288351994,-0.22071470424767584,-0.5035256282084541,0.8520976616098476,0.019069730374546522,0.32043902600392904
50.27669405306291,-4.497926567134361,-0.3081440670698376,0.8720252798695937,0.3165752923787003,-0.12418878965733171,-0.35203570848302357,0.6688227652044539,-0.00014486038395765546,0.31548794270119385
51.1300774176386,-5.363709177204166,-0.3042357126061689,0.8678718505919238,0.41562191771216433,-0.10886377196628415,-0.24941040800392653,0.8880571607022676,0.018362289529054426,0.30479353129422737
55.58374953798474,-6.644808802751442,-0.3111992703255077,0.9233475798564073,0.3839426614671807,-0.0014908127722492975,-0.003880329379264775,0.8046385850574059,0.0009925853031624544,0.3111992703255077
57.724586749401844,-6.18550312687989,-0.3106012852594118,0.9158162921166697,0.3711274671458216,0.05890747259595042,0.14168567992552816,0.7730556302003656,-0.01555148788452087,0.3076911342345292
59.87647990166849,-5.264114844392412,-0.2987215298274756,0.9176311048048875,0.31212754583461505,0.08021830500307801,0.23258240296345456,0.5681565096737566,0.010761494408318297,0.30465125435276347
61.97687125999888,-2.0912852222487577,-0.3329726983834472,0.8373767526979601,0.011794066904313066,0.05059421787875684,0.5441519081507595,0.0805337627520494,0.05995628372903723,0.3277304555452823
62.337006151516604,-0.9893447956879207,-0.3084193349426276,0.7561418129159039,0.306308478126178,0.21415213901435842,0.5371811019980599,0.7874784470362916,0.008951732561093093,0.3064828858920832
62.47476339287016,0.4935068484566206,-0.3800745989663565,0.7189087140662306,0.04972363093833442,0.08657914327376054,0.687896702504038,0.2246687993721846,0.08580142969109888,0.3495830608821048
61.78762168590737,3.002117619293321,-0.2926183965851586,0.606914163442566,0.08154133461399378,0.05967415267463851,0.7883179589891017,0.1918435656415181,-0.06103511196087243,0.2942938508691687
61.53455094184443,3.55565635625542,-0.32152171411028707,0.5772395810521445,0.1136540435495662,0.17754535128254764,0.788894715845869,0.36086921462249527,0.014750691605972742,0.32557920958373937
60.297635294344566,5.52908698075208,-0.3084593666036899,0.4984988272010572,0.12094506879574715,0.21697642990503455,0.8305374395407037,0.425923536222335,-0.003014294946911487,0.3002173276905377
58.184555355202484,7.408279451805538,-0.3331038058842055,0.3099670503749407,-0.019760566292248517,0.041451964776903466,0.9496376584349439,0.036776857658807595,0.05916608316457782,0.3188061057860294
57.99506659749301,7.499290493182103,-0.3313040502685268,0.3068992104313911,0.03491956439520205,0.20900013379498011,0.9278536752811397,0.4529648350597019,0.01860188964073368,0.32117781328435135
55.88967005118466,7.913450544627511,-0.30039025879701353,0.0698613856826155,-0.00742904018878352,-0.03628342311697752,0.9968689529518375,-0.10214498284124754,0.017800311073643698,0.3031530836535357
51.016189361873415,8.137403656601828,-0.3179609485243511,0.10779958675965243,-0.047315593853071256,-0.4497274529496961,0.8853731991291347,-0.9702001568204954,-0.0013374871579369429,0.31407684064524
51.016189361873415,8.137403656601828,-0.3179609485243511,0.10779958675965243,-0.047315593853071256,-0.4497274529496961,0.8853731991291347,-0.9702001568204954,-0.0013374871579369429,0.31407684064524
46.90477048633315,9.135675020895613,-0.3087769436017988,0.1492449493079118,-0.04831038830345336,-0.31709244932429365,0.9353311873713871,-0.6530336201077795,-0.0042764803770709665,0.3087769436017988
46.1521801371034,9.3526995108378,-0.31386286637711613,0.18708739716157197,-0.062299206923523275,-0.34726175637929124,0.9168022617753394,-0.7664628320166155,-0.017812541549680486,0.3154086521543639
42.64566570085998,10.7010040174586,-0.3138243490363888,0.24560935623763977,-0.08222958812292264,-0.3043706374375135,0.9166639809829709,-0.6168699404971413,0.0018138905355919008,0.3152862238757042
42.03013908497875,10.979791370093288,-0.31271239834468206,0.3021852708786382,-0.053670833555595585,-0.16936838460707576,0.936545703094644,-0.416308584974854,0.02051885386623178,0.303520259280762
42.03013908497875,10.979791370093288,-0.31271239834468206,0.3021852708786382,-0.053670833555595585,-0.16936838460707576,0.936545703094644,-0.416308584974854,0.02051885386623178,0.303520259280762
40.219002298377696,12.053201318390128,-0.3200587900340125,0.2635077973829283,-0.020257301177759965,-0.20538265004716716,0.9423222641575407,-0.37803015728580575,-0.07359229977659158,0.31589998634779404
38.79324267458499,12.803890454712848,-0.3156321572399768,0.2519514007606993,-0.04697651254094279,-0.19968343791999119,0.945748499097231,-0.4332931009046819,-0.008227328199011213,0.3205729359197132
38.545025005759136,12.973568640454536,-0.29610935887462114,0.2614590417179797,-0.008938239836770478,-0.0678767753015616,0.9627834755266614,-0.1542714259304426,-0.030546224051719067,0.29773763859312125
37.70446740176676,13.365768346153931,-0.2939584186697126,0.2664100877145056,-0.04415812407686635,-0.1415581657270858,0.9523849069351868,-0.3058889053855487,0.013199645162853175,0.29943922872015943
37.02146247719157,13.82937421837045,-0.3124299539179542,0.20593829478169567,-0.08297383037753056,-0.37417298655817954,0.9003884374785256,-0.7681938176648034,-0.0039158671362883556,0.3073208634471825
36.655236398281104,14.09250710974512,-0.32071913062598484,0.24347441266976758,-0.09462135778823552,-0.33505524730362046,0.9052651491578212,-0.7316336369561754,0.00538946947075221,0.32573324921116487
36.23219524624574,14.38033198541731,-0.3049742403192357,0.24002929287951733,-0.07515667844800224,-0.30772237926321827,0.9176297453466765,-0.6891721245259842,-0.001617719952545609,0.3135794081603787
35.62256430166326,14.87968006160303,-0.3200985091108179,0.26555003105309094,-0.12402910755804412,-0.3830178619926379,0.8760121453956253,-0.8157959151736771,0.007233773643569269,0.3253385564097733
34.713747864868054,15.836939350722817,-0.32546081732550397,0.3696080299861541,-0.1425918551358688,-0.35125479222003086,0.8483381035655115,-0.7898365715611042,-0.007189948500268166,0.3228529128389856
34.29901004040281,16.233228944009145,-0.2960314317037271,0.4046401244380847,-0.06661364937501385,-0.143290153226391,0.9007202248201334,-0.29933331385604245,0.013659385550979454,0.2960314317037271
33.87683612958833,16.690385291517057,-0.3003889726466886,0.43430992534209817,0.04438180404570585,0.0853180012485709,0.895614863030945,0.17663029727988347,-0.03541031652385282,0.2818837231200636
33.50733251383759,17.343187224195933,-0.32008169476505594,0.4042069451595715,-0.06851443985185633,-0.10348223365133527,0.906208554547508,-0.12353982479979417,0.05331357381791867,0.32177928793229416
33.315069555947154,17.658259741131438,-0.30327088293635945,0.38074614837901505,0.00129794728874095,0.025250504044458,0.9243338671026187,0.05596691417331664,0.012204682283706069,0.3030358314473851
32.878477048505054,18.270243998243775,-0.3299028059167711,0.3572984040169915,0.009643949514352967,0.007688065479538255,0.933908849071395,0.038095804767267774,-0.01280723998088833,0.32955813439790993
32.531594629930424,18.677208347475325,-0.2881968046221139,0.3354019737841358,-0.050540867672518426,-0.17370540876804388,0.9245418149772036,-0.32003699867571844,-0.021659473213910572,0.29315015414288986
31.5423387885949,19.73361761218422,-0.30875309487437436,0.37785118096000636,-0.10095007644429506,-0.19964280066781112,0.8984321450474333,-0.45028485852018485,0.03052779292896639,0.30875309487437436
30.532730429137906,20.90709022495589,-0.3049419863331016,0.40620962375770014,-0.037032689249984936,-0.09079770003760997,0.908503219125514,-0.22194578883095,0.010617237200596248,0.3110114368513138
30.314243448440678,21.14203106468617,-0.316359985702969,0.4141157120418288,0.024196678528033394,0.07114944752015409,0.9071165602643779,0.09916204170212888,0.008096727881381445,0.3143726096259803
29.694497161483433,21.752436353235005,-0.32704720625504724,0.3747478276792981,-0.05176002342953325,-0.06129820474751069,0.9236490111070078,-0.20552706051061798,0.05068086586408113,0.36249514480093126
28.931762161214156,22.441059083752734,-0.3516083713916981,0.358309994361662,0.03927973957368147,0.040737432495257235,0.931885997101182,0.11594463280494097,-0.03898282261834421,0.3577182846339215
27.7729205230577,23.368645182121895,-0.31318783512988363,0.33466862674083603,-0.028585142318975545,-0.0990503463519964,0.9366796831369603,-0.19794527805097215,-0.00766361758814333,0.31491664237384803
27.648731389136803,23.46395532009155,-0.3064365016944583,0.32901041285628196,-0.06185465225251521,-0.1447288668082448,0.9311174498092389,-0.23317164896460163,-0.00766361758814333,0.31491664237384803
26.48974286824821,24.43117590713942,-0.31973800269945124,0.3679272692503286,-0.01058055702930909,-0.05087916288890533,0.928401253305202,-0.10556834962804759,-0.002684863171511495,0.32814951544722387
25.48778764819754,25.19325477193888,-0.30408916865778157,0.36056435829689704,0.003477921913764596,0.03608727335951066,0.9320294825200459,0.021416740357601813,0.014226582322384522,0.30398512337169403
24.87672021314694,25.537479605679597,-0.3030663251801273,0.30756146951688956,0.07752408152166218,0.21688280287361134,0.9232322617145267,0.4728220297953423,-0.00228630555446356,0.3093499893079937
24.86553697776946,25.54322082513429,-0.3030663251801273,0.30730326166908745,0.07701473799487996,0.21874324530606498,0.9229218970921055,0.4728220297953423,-0.00228630555446356,0.3047187762042882
21.096470619957113,26.83095569905114,-0.31575977064525534,0.025693538821215747,0.007296769548561904,0.29578420794656185,0.9548813023336581,0.48042869655686304,0.0060378590380815705,0.32071521054065516
18.260520605617774,25.978270406920352,-0.31725941639593247,-0.16035190329371327,-0.084129498863685,0.3625039811754572,0.9142211757353756,0.7970160833826975,0.01858249998300513,0.31821141420396143
17.335086133411348,25.542706543725085,-0.3056168650690195,-0.2712157383763658,-0.09593580393264521,0.3124375811364616,0.9053292785911414,0.6743177365473131,0.0030156408908668065,0.3056168650690195
17.335086133411348,25.542706543725085,-0.3056168650690195,-0.2712157383763658,-0.09593580393264521,0.3124375811364616,0.9053292785911414,0.6743177365473131,0.0030156408908668065,0.3056168650690195
15.056046850290883,23.26016438285727,-0.3157946178624421,-0.42878745242358984,-0.1648881988375343,0.29210426966384134,0.8388255469240045,0.7043275277947,0.03537672025195642,0.31794571193024285
14.390606891040937,21.798942891587593,-0.2811249876295479,0.5769447715265235,-0.11470387293569964,0.11948836535071274,-0.7998126547433297,-0.3401590712749019,-0.03379579759062034,0.2957677521772799
14.009889076746946,20.683309648630235,-0.32246611041124074,0.5929128857970251,0.016276003001450243,0.024727531236381765,-0.8047222817724723,-0.05266249005126656,0.048062458989324486,0.3217661104112406
13.770481371606536,17.95093801481203,-0.3221218073931828,0.6906689514191371,0.2412210783919825,-0.22068913857135525,-0.6450465835903886,0.7062175195766486,0.01587557484172608,0.3278850787171344
13.895559962102368,16.922495253028565,-0.3273499591108448,0.7139254024885244,0.11946161603184163,-0.0756984253919309,-0.6857909232191992,0.33463658970669347,0.03643789347329836,0.32384679520797877
14.373485432509364,15.208278481751822,-0.3230647009697752,0.7311956263351006,0.320626627460143,-0.2295347508292466,-0.5566554768918658,0.810438316502424,0.02128913272871778,0.3230647009697752
15.575889175975812,12.780578765326197,-0.31314591614043286,0.8562234349805742,0.1416392666178479,-0.06964556274918345,-0.4919036929434199,0.3685686130377682,0.019135441993927638,0.31031709416628445
15.855758659880586,12.412033228119554,-0.30014795603501576,0.8694170124588562,-0.0012780541181165316,-0.011475459065219733,-0.4939440645093641,0.04289036613854536,-0.003323852292381441,0.3092750021778907
16.986886960797833,10.864812172237938,-0.2997683769763298,0.899109613038125,-0.03022959375095252,0.0116188105713125,-0.4365238580478659,-0.09452237885578274,-0.02216642178550089,0.2858512028882832
17.180224232781434,10.526065000792638,-0.31578950031184544,0.8844433365076735,-0.12468615595170301,0.0701891372034628,-0.44416982342319866,-0.2868505274892761,0.013393374064039839,0.31958843356847166
17.733446285550066,9.742281850244128,-0.3258533593002667,0.8982625534912153,-0.04693363500593177,0.030689804740008177,-0.43586667088180936,-0.13956384629539853,0.0153854021702088,0.32283855198363576
18.99675945940368,8.55359959280348,-0.3125694227510373,0.8962242055275595,0.25293221014913986,-0.10055370823446819,-0.35028049082965396,0.5390358483966232,0.028285123321735172,0.31951557047607054
18.99675945940368,8.55359959280348,-0.3125694227510373,0.8962242055275595,0.25293221014913986,-0.10055370823446819,-0.35028049082965396,0.5390358483966232,0.028285123321735172,0.31951557047607054
19.637762789601087,8.109433225988596,-0.3174247120250648,0.8951678890190653,0.34313940804944754,-0.10445284181118338,-0.26461179291594933,0.6799269463353441,0.011242765019787621,0.33274044578061646
20.637860222000313,7.3469765797039015,-0.29905848888285724,0.9543296874087168,-0.06943375128381878,0.021057294396609933,-0.2898109595335071,-0.11080294649344345,-0.002562124753033623,0.2935255475417396
21.27309947983893,6.806421753608351,-0.2984044157398453,0.9250482280287126,-0.22269560594666007,0.06271992415882334,-0.301261769938537,-0.5235927507432347,-0.038786216013797316,0.2961954245549925
21.58313664212293,6.512982311901214,-0.3034422707570276,0.9431882828691637,0.04388781879534542,-0.006028475456272899,-0.3292922408794025,0.052746123919804176,0.002875357983009775,0.30094630307252185
22.523889213801787,5.715753621252995,-0.3006410009987489,0.9415683767576722,0.02422834043919957,-0.009126000435523909,-0.33582539440241144,0.05784601670468715,0.0006665333350095523,0.30360665659071273
22.962168326402466,5.367344191734616,-0.3120616918101648,0.9337121920175931,0.17279989280391878,-0.043010872899405375,-0.31059910549949443,0.38737550061943543,0.036862875247077674,0.3166611183769428
23.464678660901367,4.977235273134476,-0.3217270564422258,0.8878349324692391,0.3168118957906366,-0.09237769009863266,-0.3206956777771189,0.6389718626565719,0.015481708906391008,0.3162869885026858
24.373953711155096,4.29949912950258,-0.32224496395841595,0.9125716012117427,0.22866467824432057,-0.0725788715977158,-0.331146259201066,0.484197259865664,0.01897721052549419,0.3208449639584179
25.93185738916908,3.3126533993603515,-0.3080948839862685,0.9519705178387238,0.17649530890621934,-0.049453773027990124,-0.24526692282749107,0.39066538446551785,-0.012642457281850676,0.3160678069581291
26.30001542717182,3.058382985606321,-0.3060787193298097,0.9634152486451198,0.07257422845860255,-0.017452240521755986,-0.257409128320017,0.1493789291873406,0.0037350371729576405,0.3060787193298097
27.069286067858386,2.522772824459411,-0.31283731058375475,0.9599916432721892,-0.074440813304222,0.007039592583342023,-0.2698611759746633,-0.10607514779545829,-0.03697391833257662,0.3136063562252325
27.069286067858386,2.522772824459411,-0.31283731058375475,0.9599916432721892,-0.074440813304222,0.007039592583342023,-0.2698611759746633,-0.10607514779545829,-0.03697391833257662,0.3136063562252325
28.00326910038451,1.8779549418619814,-0.3184456169820346,0.9287454498510762,0.24574807478689567,-0.06900286892914606,-0.268846382157178,0.5268654018440567,0.007165434244516218,0.32082931019990224
28.382617442388884,1.6813420379137718,-0.3190286233247616,0.8944497451757644,0.3192890739912783,-0.09370930759387372,-0.29871843976406787,0.7083618672250153,0.023120595280169843,0.34042806699630856
31.03796359826427,0.3585835602191336,-0.30965436171350424,0.942796381776523,0.27147728184856124,-0.06245041204448978,-0.18312567811393116,0.5701602143109552,-0.02005423353587826,0.3106756876248209
31.35519099255483,0.18297348340355812,-0.3191654602636781,0.9362599913246457,0.27990242071679206,-0.047360975897197,-0.20695120556237265,0.5760427306653196,0.03735377689047161,0.3235309824862171
33.56428706748215,-0.9659682105001619,-0.31052126945428166,0.9814935357907796,-0.008314292272686812,-0.026872647823642723,-0.1894179836865147,-0.0037840294179598962,-0.052831827734675166,0.31052126945428166
33.771030221227,-1.1092739757469092,-0.3220045724326599,0.9748908983479204,-0.016760397460241355,0.003617752301429868,-0.22202192969084203,-0.012584232244527016,-0.052831827734675166,0.2979845499050323
34.83111814578781,-1.6168347961624356,-0.31249224654801216,0.9600276206635002,0.1266630348483004,-0.02409822062265984,-0.24844057424063837,0.1907146473456643,0.023290568082723208,0.3092296039215394
35.94009588737907,-2.0147555685934897,-0.3101885468642778,0.8798162766011709,0.4424135112950149,-0.06641487439437047,-0.16056982565366254,0.8848586792279013,0.029033141829835237,0.31640161879781575
36.543299756423856,-2.1250757884824276,-0.30982480369207555,0.9522807204033751,0.24933510719027127,-0.0369137998600996,-0.17213600800045786,0.5054346462801383,0.003825814567409874,0.3068002381366603
39.41491523228007,-1.9195672653102456,-0.3367745624999414,0.932725305463101,0.3437503513968727,0.05000566135089335,0.09674003460900203,0.7132678836539398,0.01415945543469139,0.30882196809730794
40.70298544125369,-1.3621750526505185,-0.3286169366989468,0.9321771207028863,0.33461665587489886,0.04685081570741461,0.12993271457460526,0.659074538331801,0.02952565098033013,0.32414924471732914
41.824515934288804,-0.6687092813578865,-0.3229490362030868,0.8963947976370505,0.35187678984537857,0.11284819025359973,0.24479456181424883,0.7382128487820223,0.008059292397511571,0.313268131588589
