0,0.4305856595747173,0.2756947036832571,0.3591999999999995,0.0,0.0,0.0,1.0
1,0.4305856595747173,0.2756947036832571,0.3420731484876965,-0.2192768558860687,0.002010633879405004,0.0004518841081158268,0.9756605012118078
2,1.3662638320820406,1.2012605192139745,0.31807344670052873,-0.30179149964092983,-0.007580983960637811,-0.0023998517051011495,0.9533407890877537
3,1.8507956200046465,1.6089312499389052,0.2932259618808663,0.18422957394852385,0.0009046846777852733,-0.0001695722736874341,0.9828828093285706
4,2.4836842351360247,2.244879866950214,0.30166627214351704,0.2492785018208465,0.0049125226525940455,-0.0012645217105258623,0.9684185544670163
5,4.464992594905198,3.2270716475322843,0.2930358736781745,0.16853718606936927,-0.0002474849111248787,4.231572579313997e-05,0.9856952642030989
6,4.464992594905198,3.2270716475322843,0.29240162237573475,0.1512958803863698,0.0015087939465839963,-0.00023093296049051003,0.9884873427560454
7,7.2033181109,3.5867505185306072,0.31778973320107334,-0.3035959053330002,-0.010902224152783243,-0.0034740829546824115,0.9527321756512594
8,8.827562346123159,3.887313287705183,0.33606151814232427,-0.2441874823031096,-0.0076993918629841215,-0.0019388509519934509,0.969695536603317
9,10.490592711954378,3.9292628411203623,0.31284756456058166,-0.07545515625825476,-0.0007923719922674362,-5.995950426124674e-05,0.9971488795287924
10,13.929965511197224,3.5901032583788037,0.31099534324310446,0.42333615356354953,0.01269589405437882,-0.005933152471676268,0.9058642906428791
11,13.929965511197224,3.5901032583788037,0.30684208203978247,0.30118035569593277,0.006106432891086525,-0.0019287357150848733,0.953545690986415
12,15.45071555278264,3.236838523298502,0.3113531015881205,0.2758198401293547,0.01440669962337332,-0.004134517375455017,0.961092486997506
13,16.922920671408065,2.603208849206567,0.32297934006218126,0.21895603051699164,0.007733421316324391,-0.001735446174358934,0.9757025361869069
14,17.616871291655116,2.368439703248441,0.305311124771036,0.0923060985996095,0.01074842499039865,-0.0009964576801585673,0.9956721662242228
15,18.317572836531326,1.9481838950887322,0.2915221660326155,-0.08849665803765641,-0.007899384349313008,-0.0007018449804937542,0.9960449029319367
16,19.709525117417797,1.3673541359603405,0.31035620375374035,0.25410224740208376,0.009262808181271861,-0.0024336961074926536,0.9671299423412882
17,20.390669933753088,0.9463868960738182,0.3160010214166973,0.0804562454952273,0.017246128994323113,-0.0013922814631740473,0.9966079596049041
18,21.66427777230274,0.11979832500219345,0.32752772130421154,-0.36089406063123625,-0.0008471144102784516,-0.0003278109257245369,0.9326063756688941
19,22.32451566879172,-0.26478303503245115,0.29258111297481093,-0.04618194646426235,-0.0008131347711501229,-3.759226820642405e-05,0.9989327130590114
20,22.909225534414873,-0.7264062352478504,0.30814239372251817,0.25440763613361633,0.010472660832566741,-0.0027551442330878773,0.9670364456587178
21,25.38969224866014,-2.6977561824023724,0.3117356829949853,0.29105204127269285,0.008560882319380523,-0.0026045285456938404,0.9566653735742541
22,26.05230454192497,-3.416569037362933,0.3031495859451213,0.11669935767240777,0.007206667969366744,-0.0008468220627295724,0.9931407789170781
23,27.736636898247525,-4.766830819658935,0.29691722190402225,0.08233366297457298,-0.01811500494663343,0.0014968047636781151,0.9964390468626128
24,28.65854582132306,-5.346192755736411,0.3291245567578016,0.26213107845101125,0.0011537404036964624,-0.00031338998210904276,0.9650315375053344
25,31.41752279747743,-6.898790522478521,0.32077998894410104,0.389708028605577,0.007671644104076884,-0.0032464966300283227,0.9209007865002214
26,31.41752279747743,-6.898790522478521,0.30761162830711036,0.4519320151690133,0.013677818795763791,-0.006930487174710255,0.8919205902353562
27,32.31109867792111,-7.237730666063726,0.3254176156836897,0.30852355408194204,0.008621418594292432,-0.0027964515900011453,0.951173521275994
28,33.13960034411866,-7.671905507333577,0.316522610628413,0.1225478167209052,0.01691019946272081,-0.0020883542305306147,0.9923163389502756
29,34.75951533974148,-8.597324433736503,0.33192251300779607,-0.02058025337453264,-0.018290482614751382,-0.0003765655553488793,0.9996208129161488
30,35.55092868220527,-9.08856853749603,0.3080578105103989,-0.039372190080955854,0.014262561729972412,0.0005620413916406144,0.9991226621844796
31,36.27524238859769,-9.619401399046183,0.32228479263991555,-0.16373977453864907,-0.012882424565974552,-0.002138411050856443,0.9864171311212675
32,36.27524238859769,-9.619401399046183,0.2875396602268325,0.05788466661147081,-0.00591496026591523,0.0003429665929707955,0.9983056951606796
33,38.52641346794553,-11.209051664918661,0.3319661062126263,0.3627160572810295,0.00876917794411036,-0.0034133327883136308,0.9318521945394375
34,38.52641346794553,-11.209051664918661,0.30730406378181685,0.38507451479861465,0.0033995451212953166,-0.0014184735132021958,0.9228781333840737
35,40.75430404872168,-12.42808310315013,0.312579391736012,0.40922439664257787,0.010549699804822827,-0.004731895423519699,0.9123605132798367
36,40.75430404872168,-12.42808310315013,0.3128309057980125,0.40922439664257776,0.01054969980482283,-0.004731895423519699,0.9123605132798367
37,42.22146702790633,-13.191900159232318,0.31912590271881014,0.36016070081360474,-0.006793215780079834,0.002622734909166136,0.932861856370178
38,45.06811298802495,-14.462698876857758,0.32640959915545176,0.3260620204099764,0.015341172007010979,-0.005292134468428914,0.945209077717932
39,45.06811298802495,-14.462698876857758,0.3003944784574663,0.32095369144165753,-0.012304822872590895,0.004170279051498267,0.9470057698117156
40,47.67972453753464,-15.463452655822039,0.31082537011078404,0.09251041177818307,0.011679053444508291,-0.0010851624982971307,0.9956426295843422
41,48.83192457212135,-15.64438864029944,0.3127376329091679,-0.3429188269375591,-0.002376990850862429,-0.0008677328163329633,0.9393616316871916
42,49.95308863208629,-15.510708760470152,0.30367341037195106,-0.03324360099972885,-0.01219242352147993,-0.0004055744289179256,0.999372824981061
43,51.99879451049492,-14.414709287695587,0.317623865561115,-0.39947524553900693,-0.0069041105592079,-0.0030085982425094517,0.9167130465939445
44,51.99879451049492,-14.414709287695587,0.317623865561115,-0.39947524553900693,-0.0069041105592079,-0.0030085982425094517,0.9167130465939445
45,55.10561532527208,-12.611442404799163,0.3135066254342588,0.274046880159373,0.0009136975996916045,-0.0002603637786769262,0.9617158649218142
46,56.55684949317947,-11.592801528982818,0.3398004248689996,-0.5537267303033285,-0.0006618340848070378,-0.0004401057680032127,0.8326980703893472
47,58.031666170223616,-10.146116638556123,0.3150858705196052,-0.028277664977838898,0.006454475570124037,0.00018259432406405267,0.9995792515192723
48,59.79506100178696,-7.48166354931891,0.31816422479032613,0.3391690446274414,0.013596590488097715,-0.004902691889847558,0.9406144031992286
49,59.79506100178696,-7.48166354931891,0.3188119396144059,0.36405819694961905,-0.005543956905887858,0.002167077247610422,0.9313571804371409
50,60.91917033039499,-5.546267183497548,0.3391945323781919,0.34136125949337215,0.004479701461783417,-0.001626943129730982,0.9399200901395631
51,60.91917033039499,-5.546267183497548,0.307183203566637,0.29885237072285303,-0.012359381800406397,0.00387087210949989,0.9542114663657916
52,60.91917033039499,-5.546267183497548,0.327663228174599,0.15664871491697213,0.029685908849083318,-0.004710569319224078,0.987196909166228
53,64.45805142621975,0.5260135047137737,0.3141016744436889,0.1734511199948157,0.010575091603778704,-0.0018626029624435635,0.984783939308679
54,65.16608039033599,2.056224706582725,0.31822417981475415,0.2990983546250966,0.015865382331163982,-0.0049737155960600824,0.9540774214167399
55,65.99744888476562,5.039640765637159,0.3389058270226945,0.0566863759196084,0.029827091740391463,-0.0016942715429678,0.9979449528041864
56,65.99744888476562,5.039640765637159,0.3389058270226945,0.0566863759196084,0.029827091740391463,-0.0016942715429678,0.9979449528041864
57,65.94439696287736,7.303646951913834,0.30411475524593473,0.14029378379641547,0.005658487135711057,-0.0008017935981739823,0.9900934263383661
58,65.7754334975034,7.9104130091145635,0.30410230222793466,0.06534041979239236,-0.012841095074922121,0.000840909319216816,0.9977800502566422
59,65.62197533634026,8.629183132201433,0.3182555138838517,0.21435230171189298,-0.0045095204977383925,0.0009896396721281008,0.9767455019548406
60,65.32251428766176,9.324064439162612,0.2911477053412266,0.052359949775531246,-0.005390044842072457,0.00028261426801365493,0.9986136906758688
61,64.98023833648767,9.850227656774223,0.3205504066835758,-0.3847505511345706,-3.1067617259435404e-05,-1.2950180064814433e-05,0.9230205914651851
62,64.51421787706204,10.279019432142377,0.3066669638270264,-0.2953234033301044,-0.004684951207892661,-0.0014481869417638103,0.9553847609378568
63,64.03301657002885,10.855844643898308,0.29709040117073665,-0.32570951842044266,-0.003185559399054814,-0.0010974158129399836,0.9454638848206588
64,63.08511997759342,11.880010521039367,0.30186192760195224,-0.15557447889062243,0.003988570715888083,0.0006281735315244382,0.9878159131232751
65,62.70878183923196,12.534946635365486,0.3204484669322602,-0.22557491620732026,-0.01593393394283666,-0.0036899067461356244,0.9740885234491631
66,62.70878183923196,12.534946635365486,0.32635761109752115,-0.27588590013483166,0.02366142866960487,0.006793655661858388,0.9608750975766075
67,62.26534462557174,13.15029342006892,0.31303235858285766,-0.04848130512357714,0.01860195729332232,0.000903065902995474,0.9986504467081295
68,60.55799476709217,16.20844258647412,0.284637029961096,-0.29357209208543683,-0.011502805757697203,-0.003532837984821758,0.9558611987438623
69,60.108480711933225,16.99072766955942,0.31950966825316673,-0.293583712483343,-0.001321138825783288,-0.0004057450650661876,0.9559323688042177
70,59.66234322974924,17.68026943039149,0.3062447453935201,-0.26057544332463956,-0.012242070632151362,-0.003304414135150973,0.9653702144203685
71,58.686788921942934,18.926308434456587,0.32271354242329714,-0.272858563866388,0.0007668869896096179,0.00021750517118678895,0.9620538283800019
72,58.146243021590635,19.51954705454409,0.30685252782735245,-0.10949180973625448,0.005885104598465558,0.0006482798386659334,0.9939700643770897
73,56.96871702489443,20.66536726243794,0.32429829940483557,-0.24580222659063092,0.003400021197263691,0.0008621902480993286,0.969313655060591
74,56.27171529782936,21.25291029829532,0.29014629287200067,-0.21886139774266622,-0.0027679248218927793,-0.0006208462789456707,0.9757518340849813
75,55.566961046890356,21.784451445564628,0.3236636442214556,-0.1826210393400391,0.012196619235041707,0.0022656369590647006,0.9831051140945045
76,54.08057550236117,22.80758890043944,0.34294147468237257,-0.20712857688330621,-0.008517789061373671,-0.0018034576703345856,0.9782749855987495
77,53.32692925259471,23.33735052961856,0.3069952894393493,-0.20301449666825463,0.007112257303997231,0.0014746393496790533,0.9791487912352062
78,52.50753461255226,23.790425744839013,0.3026679721543448,-0.16782274864976784,0.003776718877529439,0.0006429428678725643,0.9858097423208119
79,52.50753461255226,23.790425744839013,0.3129656125543179,-0.16994079987191293,0.004570373565202477,0.0007881659882345971,0.9854433596197926
80,50.871096757706255,24.900968085043132,0.2810537761033882,-0.3153720567582212,-0.006518623318040471,-0.00216640105331741,0.948943243862668
81,50.00113453052472,25.12932386342436,0.29970166038447166,-0.1722026436211169,-0.024466870877105716,-0.00427851424084049,0.9847483516489238
82,49.173312617465854,25.54494643677026,0.3291829896149587,-0.2502408574687577,-0.0057909225797591135,-0.0014967750564036624,0.9681651399081701
83,47.377068761736155,26.203914529643953,0.35344693873765304,-0.2717967730649805,-0.007799576283776279,-0.0022029038869192472,0.9623205432576621
84,46.48990110983141,26.635950537398458,0.35344693873765304,-0.2717967730649805,-0.007799576283776279,-0.0022029038869192472,0.9623205432576621
85,45.55856765527278,26.936366206035018,0.379758640270607,-0.24486038912035535,0.0021768277301050572,0.0005497557886539279,0.969555748283426
86,44.656569863669574,27.237849968485534,0.33242185945740643,0.06278461810101064,0.01515518101825409,-0.000953503577237522,0.9979115707562182
87,42.85560117021669,28.026660823263228,0.3061900378652901,-0.0887804521553367,0.009033626831936275,0.0008052223700375147,0.9960099279215495
88,41.955955148208886,28.532536591403186,0.31530244094665727,0.1578204682110841,0.01953720762157093,-0.0031231299794118885,0.9872695900265123
89,41.955955148208886,28.532536591403186,0.29923455013563965,0.20645335849188462,0.001155660569670378,-0.0002438434346557924,0.9784557300953624
90,41.955955148208886,28.532536591403186,0.2990499082458916,0.19781292562820818,0.002587692336094451,-0.0005221996219186932,0.9802362356138123
91,38.29972687875852,30.256771239452064,0.3034807832703369,0.07231162389244378,0.009565511218000384,-0.0006935452707757749,0.9973359760081522
92,37.332633663434535,31.001645177602768,0.3390935095520742,0.27270047794306224,0.006163793937206636,-0.0017471246242022607,0.9620776499480033
93,36.368916688719764,31.653775963932276,0.31554197584203114,0.2946544682892187,0.006974343519918988,-0.0021505578803627497,0.9555759927658644
94,33.952233023475856,32.68020413443446,0.317074189165127,0.26249858643365054,0.013500866704854215,-0.0036731393130266187,0.9648309317005441
95,33.952233023475856,32.68020413443446,0.29823414242018575,0.28680882976026206,-0.0007293066000203227,0.0002183447748840783,0.9579875341615838
96,30.79713400301989,33.01111912634224,0.30456304683986046,0.38048448858151807,0.008131236637327214,-0.0033455793034596094,0.924745502307923
97,29.048483300721273,32.63172544538975,0.3026953593555477,0.29964924758980926,-0.0067083173561032486,0.0021070153873850605,0.9540235255921461
98,26.924242484383285,31.272852811962366,0.38216267336227894,-0.06464169881257772,0.0786518227949064,0.0051108094216987515,0.9947910439749232
99,25.61568782920949,29.293606428429484,0.3096723989304729,-0.0005845718558731174,0.01309495647359882,7.655600727990222e-06,0.999914086475479
100,25.37732305121608,28.57914703618735,0.30740467480610545,0.33059901297423083,0.009480044060982292,-0.0033210065790204545,0.9437178563004773
101,25.374773400253616,24.88297734130174,0.32401245615700325,-0.13005837911064683,0.004591952710131389,0.0006023445527246237,0.9914955215100364
102,25.374773400253616,24.88297734130174,0.30773717024785724,-0.19488260501989124,0.0053986906099363656,0.0010726946881373003,0.9808111305070234
103,25.61936537839938,21.6601342279464,0.3122055159615329,-0.13619662259936746,-0.0031458577872416054,-0.00043248739972638666,0.9906767366431681
104,25.67065317975357,20.789058187045157,0.314008882294674,0.2870898265169909,0.018010555232155383,-0.00539891821776891,0.9577191149250136
105,25.712162465322763,19.917626238428056,0.3073361473309483,0.3591146916163907,0.0032805968826146196,-0.0012623242036216055,0.9332868168397984
106,25.865656092064455,18.12160769663751,0.3105060090052008,0.3069481118323651,0.0038911761763411835,-0.0012549829327479533,0.9517174687943629
107,26.045415040221997,17.21806117426604,0.3048200184295561,0.2526377982880373,-0.009356386300372985,0.0024431483723056685,0.9675126004024971
108,26.186059930594638,16.31309100612998,0.3198084103145025,0.22235914271235704,0.015710313322044343,-0.0035835231480570184,0.9748316552458666
109,26.711138101411052,14.530597219243646,0.31138671891082587,0.2690797635854792,0.009623217739814435,-0.0026887180940286548,0.963066064869968
110,26.711138101411052,14.530597219243646,0.31902244854719897,0.29372027884291957,0.004202204367018073,-0.0012912404815735613,0.9558813064250782
111,27.02644660277292,13.669130902737379,0.31892918515939117,0.37433108008073446,0.015233722568364897,-0.0061505240728455595,0.9271495819100228
112,27.39975133317057,12.828348780982196,0.30736541005452617,0.15731761730540894,-0.0018210329816224793,0.00029009329393509236,0.9875463366192543
113,28.192553416243754,11.22275894228369,0.30334541402675463,-0.01669985934960736,0.005809838481437629,9.703865618640736e-05,0.9998436633084304
114,28.631607865798287,10.45866306964308,0.3214380774616253,-0.2374747311143048,3.8148648907621506e-05,9.32612595390199e-06,0.9713937155138963
115,29.10977666254621,9.695990925654769,0.3051053114729146,-0.226861742962819,0.000309758661848847,7.215365791162114e-05,0.9739269215004239
116,29.10977666254621,9.695990925654769,0.3051053114729146,-0.24164710126393585,0.0022004312282145164,0.0005479687733235776,0.9703615492605684
117,30.14804547012318,8.34078820515424,0.3317006203415993,0.0698634815275589,0.0036695854465244185,-0.0002569997211115036,0.9975497792304113
118,31.294205565471202,7.249538337811828,0.30072365070712415,0.2519584946039429,0.004952586775513128,-0.001289464404576507,0.9677245094357667
119,31.294205565471202,7.249538337811828,0.3223316040416589,0.2571752155703436,0.010394258018554146,-0.002766358182932186,0.9663049286633049
120,32.56006084289402,6.3669513100758195,0.29819753634763607,0.13283070230233657,0.006484816969984139,-0.0008691029069922481,0.9911171456164356
121,32.56006084289402,6.3669513100758195,0.30238191277565174,0.13283070230233657,0.006484816969984125,-0.0008691029069922462,0.9911171456164356
122,33.830969143426046,5.614561351947486,0.298641820735616,0.21776175819101268,-0.009858578041436781,0.0021997253773085963,0.975949684316166
123,34.4696248563705,5.284916180185974,0.29586883329868585,0.15146838878962027,0.0028504283122337214,-0.00043679127428207157,0.9884578956482142
124,35.128512959578075,4.937434305436909,0.3054817504060096,0.06433247514251633,-0.0007250709328528413,4.674244613244153e-05,0.9979282563036902
125,36.44426401320379,4.298116910271347,0.3100799172383234,0.3953406822385987,0.0038147675405614118,-0.0016419068780238074,0.9185251747543639
126,36.44426401320379,4.298116910271347,0.3095779910428148,0.39534068223859864,0.0038147675405614634,-0.0016419068780238295,0.9185251747543639
127,37.10247729031835,3.969184037297964,0.30737717641300116,0.2729937223672374,0.006697522931196305,-0.0019006232205202687,0.9619906228056693
128,37.74180873017758,3.620990709401667,0.31798564444846467,0.36564023280156877,0.012898197386809446,-0.005067516497512524,0.930653091617673
129,39.01406929525547,2.831505042500794,0.2979849929048205,0.16698853158371812,-0.006973433958576886,0.0011810974398399213,0.9859334696353383
130,39.663179658702575,2.483667967841029,0.3328147954596069,0.17989933775710798,0.003933257198483537,-0.0007193320961701524,0.9836768983379146
131,40.296108940499835,2.042375722900033,0.32573349772966237,0.08708935197940132,-0.0017492973607618665,0.00015292645363895952,0.9961989567069679
132,40.296108940499835,2.042375722900033,0.32573349772966237,0.08716673638812263,-0.002801542734219802,0.0002451353598981244,0.9961897667284116
133,41.559267158969305,1.233986234292388,0.30449671840034825,-0.027427711703715427,0.0022418616884421214,6.151243244400104e-05,0.9996212737347522
134,42.20130022871308,0.8115989174693823,0.3152866166805104,0.3325550520389642,0.0027446917783604426,-0.0009678518712604886,0.9430793536564985
135,42.85311200702563,0.38956765830516815,0.3164967491627913,0.320675371264236,0.00952983562842727,-0.003226552967966468,0.9471357230372975
136,44.0265880030347,-0.6449647024273872,0.31387446026376453,0.3299840036874669,0.0045787276586923215,-0.001600580931833877,0.9439740625166022
137,44.0265880030347,-0.6449647024273872,0.31387446026376453,0.3299840036874669,0.0045787276586923215,-0.001600580931833877,0.9439740625166022
138,45.18961082131136,-1.6613040063530207,0.3195603188794332,-0.011487078470815084,0.004731668077508719,5.435723753936523e-05,0.9999228247173381
139,47.62187217990868,-3.6529686329886317,0.3217503286192697,-0.3047407177666871,-0.0063789072286489475,-0.0020410422943614756,0.9524118009684494
140,47.62187217990868,-3.6529686329886317,0.3281021202248724,-0.3053157901467064,-0.006529475697210035,-0.002093569222667495,0.9522264705426551
141,50.2672637081705,-6.11977790761739,0.3389706663456438,-0.18806897170226886,0.016412902756603447,0.0031432941497441446,0.9820136446138831
142,50.954840295016766,-6.986264109611511,0.34965944480454203,-0.008313406191849589,0.015308468122735383,0.0001272848292252048,0.99984824942578
143,51.64546809496824,-8.205530987121165,0.32043902600392904,0.41325729419294793,0.008682371765303261,-0.003940472002747117,0.9105643842679374
144,52.03463556745555,-9.212892959825695,0.30928378345017515,0.3125379241232457,-0.007191718928306724,0.002366295189290468,0.9498751106385858
145,52.21370123513043,-9.55926617514342,0.3124420086460644,0.40182122456252733,0.002040807250280196,-0.0008955180260729781,0.9157154233954473
146,53.054434726713225,-11.943183567374945,0.31262920037058317,0.34456358860956704,0.015451812076472561,-0.005672305498889745,0.9386186658373985
147,53.054434726713225,-11.943183567374945,0.32355657614942185,0.3511395827705741,0.016212829800329474,-0.006081169956430216,0.9361629969901255
148,55.3434033106314,-14.032926618121564,0.3283580910998529,0.346218563945987,0.02632512329269599,-0.00971943588738389,0.9377340915359929
149,57.31770706363022,-14.741129550151527,0.3043069676933252,0.21957807825941636,-0.002855167591034386,0.0006426181751016773,0.9755905404460468
150,59.86084627639502,-15.205743721686304,0.31639052102517445,0.27966950159418835,0.018823192390866706,-0.005484210914957295,0.9598961301812373
151,62.055981840821914,-15.255840826779604,0.32952251027063234,0.09666650540478372,0.017926621177651782,-0.001741342625675631,0.9951538527845029
152,62.75463945197407,-15.081819309853017,0.30418478022510603,0.1656106457546352,0.0022740595670833726,-0.00038188284063368614,0.9861885199247221
153,66.22091448539868,-13.469762925058603,0.3115857339274396,0.050977097469317584,0.0030633562479162497,-0.00015636504889358184,0.9986951120998209
154,66.22091448539868,-13.469762925058603,0.3115857339274396,0.04527237600137116,0.0029876680110014885,-0.000135398262218034,0.9989702034987615
155,68.15624164405745,-10.148982265032828,0.3184579118245275,0.3428679355602014,0.008458402549154026,-0.0030873949752334463,0.9393404612723062
156,68.27320673665963,-9.327500413171947,0.3051760830054141,0.027049308434759493,0.001339405406015423,-3.624328389146911e-05,0.9996332025261986
157,68.23363337432966,-6.895844182930887,0.35444533155422947,0.0026526487125425138,-0.013293730547934502,3.5266837707495606e-05,0.9999081152481847
158,67.79918889002874,-4.107099109329283,0.3170338605602429,-0.00931840815652556,-0.006753575275757545,-6.293673897928789e-05,0.9999337740717582
159,67.09032317739911,-2.387020814232528,0.3184368394106808,-0.34974557471087664,-0.004053610845937684,-0.0015133218376554912,0.9368347298570245
160,63.960019603022374,0.4893084838986397,0.2991675411749695,-0.11907508610026982,-0.004391880123817012,-0.0005267161462974092,0.9928753989445467
161,63.960019603022374,0.4893084838986397,0.2991675411749695,-0.11907508610026982,-0.004391880123817012,-0.0005267161462974092,0.9928753989445467
162,63.960019603022374,0.4893084838986397,0.2991675411749695,-0.11907508610026982,-0.004391880123817012,-0.0005267161462974092,0.9928753989445467
163,60.84965441573877,2.5491425562649965,0.3120259702248297,-0.27821930404110523,-0.009356381923331769,-0.0027102678796661625,0.9604681834523247
164,59.995516817551106,3.149537676014006,0.31301417304051904,-0.14487266259217782,-0.015979796461641972,-0.0023400307138703425,0.9893184937090561
165,59.176442076219246,3.862648998387158,0.3112549966668541,-0.14487266259217785,-0.015979796461641972,-0.002340030713870343,0.9893184937090561
166,57.32991784636397,5.095553619787097,0.31589998634779404,-0.18776442239211413,-0.03613264703237376,-0.0069121276853909355,0.9815249237757799
167,56.309545850148425,5.689897696487606,0.30469526193096824,-0.2997337644219458,-0.0018063286767436857,-0.0005675112905985051,0.9540210089788883
168,55.24365767254494,6.18971873819828,0.31227998159392456,-0.14890042793084032,-0.016641751912362925,-0.00250626225605405,0.988708973007125
169,53.196187819354236,7.025271436199546,0.29126820190126546,-0.17576585123143773,-0.013510049527718919,-0.002412392254561199,0.9843363370648555
170,53.196187819354236,7.025271436199546,0.29126820190126546,-0.18523771319369692,-0.013535957669532212,-0.0025517779275307045,0.9825971992073592
171,52.22033313207794,7.472651074640453,0.32327258749004023,-0.32219179407639253,-0.0020420788631066245,-0.0006950042699433468,0.9466719572865866
172,52.22033313207794,7.472651074640453,0.32327258749004023,-0.32219179407639253,-0.0020420788631066245,-0.0006950042699433468,0.9466719572865866
173,49.373349846340716,9.022030587308109,0.3177087949857836,-0.42457124517385914,0.0007969179864058503,0.00037370296581565625,0.90539410371359
174,47.62799273862038,10.165755997411907,0.33011299562878627,-0.3616855219868743,-0.007031348178929903,-0.002727898343623357,0.9322696508513488
175,46.79544157534838,10.711219834163785,0.3050957884155243,-0.3046424152269621,-0.010221639244782928,-0.0032695549711067593,0.9524063349989456
176,46.79544157534838,10.711219834163785,0.28808390096881414,-0.27851016884254737,-0.0018613676116279653,-0.000539767700576371,0.9604313248810347
177,45.307704131817445,11.771457952447236,0.3541792261196548,-0.18084059941752764,-0.005299592141115427,-0.0009744623305801886,0.9834976575206539
178,44.189875951153226,12.62228292785585,0.3232644032266167,0.17622182368575132,0.013567283221137512,-0.0024291000496412924,0.9842539800050667
179,44.189875951153226,12.62228292785585,0.325456985434455,0.022031672392138484,-0.002030340836171037,4.474275669937965e-05,0.9997552106019655
180,43.301005850196816,13.370003128424287,0.3340532691763027,-0.3456448110910883,0.003967347471231372,0.001461378429950428,0.938355896817904
181,43.301005850196816,13.370003128424287,0.3328179314221533,-0.324669472101574,-0.0007352904529279913,-0.0002523995484808262,0.9458272197012006
182,42.32142845634371,14.188714656047523,0.3069206090984068,-0.18747881411675263,-0.02642076454863127,-0.005044640104008792,0.9819002948692209
183,42.32142845634371,14.188714656047523,0.3068351748329819,-0.18239799204917787,0.0004841363321041989,8.981212385859265e-05,0.9832246589880781
184,41.077155843842775,15.016364431008697,0.3019911115719256,-0.07465466882091307,-0.00850767708080644,-0.0006369384711845497,0.9971729509785715
185,39.79106887569651,15.916785510256886,0.30693263601487036,0.023687485629575487,-0.0010607008906866697,2.5132403102406797e-05,0.99971884913036
186,39.79106887569651,15.916785510256886,0.30721031998037357,0.03340376669988698,0.013563296467129254,-0.00045335996618538763,0.9993497985309975
187,39.79106887569651,15.916785510256886,0.3159800640105542,0.013788574477919797,0.004227259548219353,-5.829394594279133e-05,0.9998959956377437
188,37.695366949308664,17.270641221664846,0.3107114567264143,-0.05976985793610934,-0.014092890591830198,-0.0008439231088799098,0.9981123395243896
189,36.93666975409724,17.67020927928388,0.3340427007747044,-0.1755185581610124,-0.00277100404105667,-0.000494033944247305,0.9844720987453862
190,36.17797271581367,18.069777477532625,0.2963566345548654,0.07378351710115597,0.0005518065708658606,-4.0825514683965656e-05,0.9972741280344983
191,35.37948656419758,18.486470753327012,0.30988186777038557,0.32288988208285985,0.008450365084596933,-0.0028830869249371004,0.94639442263162
192,32.90310033829883,19.80789879988879,0.3166020603645204,0.43970674627352213,0.0058050321618381695,-0.0028420668477003035,0.8981181445328814
193,29.353779290337116,21.015982184559107,0.3156435500315766,-0.2132194444007718,-0.01611497620475113,-0.0035174010293351583,0.976865089949142
194,28.45920810289681,21.113434188999236,0.3225598174945789,0.12609457567731497,0.024028191011540394,-0.003055113322355147,0.9917224764540018
195,27.571714961435646,21.285437025129795,0.31235759540398783,0.3330398954038498,0.002676423485431209,-0.0009453259057746584,0.9429084638424089
196,24.82967909425497,21.297073314897716,0.31453466943173697,0.27950252070401804,0.009658060742505973,-0.002811659275873161,0.9600922650219147
197,23.92635292990599,21.097035677172244,0.3158188462405728,0.27950252070401804,0.009658060742506046,-0.0028116592758731826,0.9600922650219147
198,20.427772462251596,18.220858810469508,0.30619011922324385,-0.22388769880672602,-0.011857977447345295,-0.0027242165570088364,0.974539001445318
199,20.03227439080365,17.519254067912698,0.3318607521391226,0.1917525826884423,0.01983699150757154,-0.003876537002224315,0.9812351467722257
200,18.868732322123833,14.7837850227952,0.3281886698556172,0.3577242998995283,0.009179612378676953,-0.0035166594059903673,0.9337755046501229
201,18.51439345534891,13.489334524609149,0.2983913833512337,0.25530061493067163,-0.004717699921576121,0.0012457283159091636,0.966849413034126
202,18.24873627210036,12.179538421332836,0.311848655419934,0.3885420185147981,0.010120356464439376,-0.004267778144685073,0.921365543258042
203,18.253236473188736,9.096542958170176,0.32003340483028087,0.3614613700225012,0.009206920569777262,-0.003569475409152192,0.9323347947172097
204,18.37229734007269,8.246506789699197,0.3132398513640165,0.010576611083150767,0.006898238873216338,-7.296580736048167e-05,0.999920268958698
205,19.31251126609277,5.01183455158025,0.30313414925766163,-0.035149230526295726,-0.0013977464736755988,-4.91601384160415e-05,0.9993810962197981
206,19.616014875471592,4.205657804384828,0.31958843356847166,-0.09214274003873175,0.0035518789495780213,0.00032868022726087595,0.9957394195186763
207,19.987293439684436,3.4205210357904434,0.2922745102491063,0.09468534790210452,-0.005270017169942038,0.000501252466563739,0.9954931745409663
208,20.70051527535543,1.8491799039766192,0.3176251004391188,0.3505659467549234,0.01591681234509414,-0.005958979914368527,0.93638382227534
209,21.548612314858474,0.33846754394471645,0.3264079733430007,0.3432736671705618,0.005705989239612451,-0.0020854801338392372,0.9392157802585535
210,22.034534027101472,-0.3682035095989704,0.3042254490564878,0.3976044994926708,0.0032766426384192287,-0.0014198767676818025,0.9175499493467195
211,22.034534027101472,-0.3682035095989704,0.3042254490564878,0.3976044994926708,0.0032766426384192287,-0.0014198767676818025,0.9175499493467195
212,23.100788173731416,-1.6852430049329996,0.2888895944390557,-0.14145089679026,-0.004584296274392873,-0.0006550462251081773,0.9899344417381096
213,24.2132354559144,-2.926307969726622,0.3104664464603138,-0.048922700123855196,0.00011176988113678263,5.474639922264938e-06,0.9988025615155948
214,24.73219631635584,-3.4646169720217586,0.2993469407427119,0.009178060638296208,-0.006124843221224059,5.6217604938263715e-05,0.999939121315901
215,25.198888837592676,-3.911962072364986,0.3095957859017389,0.2947499871831676,0.002458333511601845,-0.0007582835963382464,0.9555709427655572
216,26.44553706201259,-5.0738489693030715,0.31857310863981797,0.23032642631038944,0.005584470027392236,-0.001321812400400067,0.9730965028452091
217,26.771954167285003,-5.433433283120394,0.3076203247397363,0.4028788002243403,0.007100355081772034,-0.0031255666426072224,0.9152204587533386
218,27.39207717019599,-6.06092618778348,0.3060787193298097,0.07245848068368008,-0.00016407594181140059,1.1920026250319619e-05,0.9973714160301623
219,27.39207717019599,-6.06092618778348,0.3060787193298097,0.07245848068368008,-0.00016407594181140059,1.1920026250319619e-05,0.9973714160301623
220,27.873274760087952,-6.637755801901221,0.31675831683720235,-0.006035501377418859,-0.009024750741192914,-5.447210611101549e-05,0.9999410600780289
221,28.11471213470213,-6.814700569026172,0.3096078180219852,0.1925082747911578,-0.0011036133927975727,0.0002165044905110092,0.9812947056314005
222,28.11471213470213,-6.814700569026172,0.3058123016106673,0.2418078797304659,0.0033459491532747024,-0.0008338264922553632,0.9703180193410309
223,29.10071580647491,-8.078939793631434,0.31771339758838446,0.40003858260512337,0.00766509233615466,-0.0033458440223777457,0.9164601377662533
224,29.79131512728054,-8.759586924687028,0.31572075378330566,0.3109381851442074,-0.005348376910365595,0.001749780121391346,0.9504134774681902
225,31.733596751466393,-9.933299072086811,0.31335791335979474,0.2400311578467962,0.0017549080899126486,-0.000433918889835594,0.9707635012065088
226,32.302454196615145,-10.228338748216629,0.29019890270706883,-0.006289529106938121,-0.028441457582380907,-0.00017895931551070596,0.9995756566102267
227,32.944814461050555,-10.390690173022449,0.29019890270706883,-0.006289529106938121,-0.028441457582380907,-0.00017895931551070596,0.9995756566102267
228,33.47725828434341,-10.761348103173077,0.3118817723257918,0.10975664148443627,0.0084793559457596,-0.000936356920345571,0.9939218799324824
229,35.28531980840489,-11.475612777285278,0.305703427505948,0.30310342348042923,0.00038215642402521927,-0.00012155097201198938,0.9529575824013744
230,35.913524520467035,-11.787065006792545,0.3207904996231873,0.30322653128272864,0.005747412854516663,-0.0018289108359800944,0.9528994139240922
231,39.055550903780386,-13.1028359439224,0.3230856248756091,0.3428754686385115,0.008312872586976484,-0.0030343459888279496,0.9393391836284133
232,39.055550903780386,-13.1028359439224,0.3230856248756091,0.3428754686385115,0.008312872586976484,-0.0030343459888279496,0.9393391836284133
233,42.2768094263738,-14.17426806036383,0.35563049066693597,0.2921844314478355,0.0026908383745204273,-0.0008220992578532694,0.9563578522504834
234,42.938052824814804,-14.3173572961241,0.2906681073708955,0.2239678441803013,-0.004456283556508383,0.001024090657598222,0.9745858082018315
