0.4404827868403713,0.2797199648313313,-0.3591999999999995,0.9520403976946653,0.0,0.0,0.30597235358343017,0.0,-0.0,-0.3591999999999995
0.5127745898601026,0.30967048043355894,-0.3420731484876965,0.9314114701310711,-0.20995996554742916,-0.063270807195729,0.2904931860343723,-0.44214740681667003,0.004121579239125705,-0.3420731484876965
2.4983437150603622,0.7470869061714123,-0.29685790683441937,0.9463127012311063,-0.3092499685074185,-0.045816038485667746,0.0822047388191682,-0.6350386948397754,-0.03587666835546135,-0.29685790683441937
4.585772653101157,0.8344132244697584,-0.2961021105388043,0.9737573946328605,0.20477403139338826,0.022294620930910294,0.09678368841013577,0.41492232574797794,0.00378154089898933,-0.2961021105388043
4.800470499536555,0.862901158025528,-0.30166627214351704,0.9615751989296399,0.24688853283137077,0.034784431937738586,0.11493142500885158,0.5038769568869956,0.010145366367321055,-0.30166627214351704
8.410954571144847,1.430566060218071,-0.3088071612947116,0.9774110442259425,0.15197677668893103,0.008844060319110303,0.14660318062534486,0.3044748304556863,-0.027275374999768617,-0.3088071612947116
12.709757941906709,2.3104868273766104,-0.29249413968456417,0.9300559538600498,-0.35299064482971393,-0.044015826470816775,0.09195724208710628,-0.727216422051409,-0.016955082932602894,-0.29249413968456417
13.121866206956515,2.362984145415327,-0.3024732111221821,0.9557126124448181,-0.2818552982891668,-0.03494540375484663,0.07713502444827941,-0.5755357300514435,-0.023315808041481704,-0.3024732111221821
17.119945666561236,2.5240913570245285,-0.3074535272902001,0.9898216200474624,-0.1415248930446299,0.003029133215812936,-0.014652286077056712,-0.28406291609372036,0.0018492777082366528,-0.3074535272902001
19.122474627514663,2.112276771076922,-0.31245022291702224,0.8856975626885156,0.4125383822771194,-0.07842221642813416,-0.19799461246786265,0.866474000928276,0.02444645726574842,-0.31245022291702224
19.3425108026068,1.9878922654749154,-0.3150467424094329,0.8825810153855409,0.40487552353151873,-0.08678799012020981,-0.22269801637419354,0.8535269009226559,0.02713841814057442,-0.3150467424094329
20.214915605302465,1.7321147403268666,-0.31153403610833746,0.9391068080904991,0.2780767341334172,-0.040827345143025176,-0.19769891456540578,0.5689274581731435,0.033274601376170006,-0.31153403610833746
21.918644158502957,1.0629266909344932,-0.3153925637285476,0.9655607829093168,0.2219314065556877,-0.018136823628063535,-0.13457295761201746,0.4484733305251739,0.024710034813497813,-0.3153925637285476
22.55102048377589,0.8063484300498575,-0.30719137689371767,0.9794896767071561,0.16158992873914124,-0.01284448853891152,-0.11968160789512922,0.32536539752886057,0.013517008740039844,-0.30719137689371767
24.36780012071491,0.06478609882574374,-0.3131745533564453,0.9424960782939854,0.31525239368586244,-0.02442258842358686,-0.10826175617679443,0.6431067361024848,0.022224997566353034,-0.3131745533564453
24.485438458814183,0.019940447644937853,-0.3146632826321692,0.9497294564059999,0.28539944608769996,-0.030885625242753328,-0.12492875554075655,0.5822031728562177,0.012643555981142989,-0.3146632826321692
24.61079626544826,-0.0373793694730864,-0.31361700829300837,0.9611552988493471,0.241244050751761,-0.020720154257489663,-0.13248575273685056,0.48857998232110583,0.02409455847174863,-0.31361700829300837
25.708186411976463,-0.5224389654289443,-0.315348418582384,0.9428260091801671,-0.2970691263405991,0.038982273067142,-0.145977508456446,-0.6084545454712175,-0.013224205353007033,-0.315348418582384
27.023681234963327,-1.0232506740808063,-0.29118418867345275,0.9682420584534126,0.14883184902520158,-0.03584239415739022,-0.19766567668339513,0.30720641847577596,-0.010570527548889447,-0.29118418867345275
29.17685073402004,-1.6903130408746618,-0.3043574805904175,0.941882823270016,0.2922475861312118,-0.04465075458048593,-0.1595443692042348,0.600187380088859,0.009141483310812548,-0.3043574805904175
29.385713492101615,-1.7710234941765726,-0.30351212878007827,0.9322816600509366,0.30513332077775357,-0.05188782226990933,-0.18722237255172436,0.6291524608376572,0.017508332848788485,-0.30351212878007827
31.36847336190491,-2.5029218010056193,-0.3114113325819361,0.9840740909787833,0.07388153853677724,-0.021817580106481486,-0.16019892298644486,0.15302494385283147,-0.01926993738066756,-0.3114113325819361
31.76001018670465,-2.670968114231996,-0.3286499887956143,0.981378339860351,0.09823879086107026,-0.013580484325376518,-0.1645030834622404,0.1985928898319231,0.005666012017623681,-0.3286499887956143
33.615125452454656,-3.269300277418704,-0.31837998894410086,0.906388345576075,0.37650485940458517,-0.06595847677718353,-0.17987144628826715,0.7843092130645577,0.01587762501950799,-0.31837998894410086
34.052571718094875,-3.4089440732606464,-0.3077760597470872,0.8893661192775906,0.43770146585890474,-0.056991161342474395,-0.11915259206127546,0.9143047002349314,0.002934516631366075,-0.3077760597470872
34.44175934058106,-3.5622553890803834,-0.31117238749743686,0.9293812387914006,0.3432171689374537,-0.034827474499287844,-0.1312994095535944,0.7040546733851037,0.025395149997140997,-0.31117238749743686
36.434413898082155,-4.197305904279619,-0.3227055936372444,0.9850175546266591,0.15567236209972943,0.011627274865698698,-0.07328942102926601,0.3102482216877136,0.04574036213644118,-0.3227055936372444
38.7729753959185,-4.835339037255706,-0.3149119346876266,0.9927001423623165,-0.05098276733521539,-0.010937738481065398,-0.10875454319521596,-0.09905728958579486,-0.03281089104152856,-0.3149119346876266
39.363075960856875,-4.987660252629764,-0.2824307794213385,0.9922002978751238,-0.0892903323220126,-0.0040720873290086244,-0.08688626793184977,-0.1774592784100145,-0.023599050381240685,-0.2824307794213385
40.84875692245294,-5.630329730934002,-0.3021351272823961,0.9833990115119426,-0.11371824316305693,-0.00019045040152071104,-0.1414019414926347,-0.22563508407212685,-0.03254028055565414,-0.3021351272823961
42.07966606823012,-5.96773180933544,-0.323485717146163,0.90963642145924,0.38183718771636077,-0.05547925290968909,-0.15389605364749087,0.7921147249305593,0.016595336216586615,-0.323485717146163
42.48643934893314,-6.037098669137068,-0.3235056848410564,0.9215469829531356,0.35239958801337623,-0.052810476803735365,-0.1541970885514315,0.7286121943318555,0.011343553095822015,-0.3235056848410564
42.832118029461036,-6.091141032333267,-0.3319661062126263,0.9221614887840492,0.36036036704664237,-0.04219292065405886,-0.13408337671864862,0.7423960367344532,0.018820407681400506,-0.3319661062126263
44.5925203694781,-6.078235567097953,-0.3114407757712615,0.9180364060300892,0.39495231517887597,0.025554049671196333,0.023849873869795448,0.8134573365005364,0.02808366145058891,-0.3114407757712615
45.0878348195155,-5.941729577077387,-0.31979782958786335,0.9430751065250835,0.32308037564494924,0.03530701450347598,0.07058207316785317,0.66174892076045,0.02098850843571358,-0.31979782958786335
46.87720702353539,-5.051012630553942,-0.32696136751914345,0.8965284055776531,0.35727523960220003,0.12105592407917752,0.2322427273455898,0.7722593877158381,0.05113327645091209,-0.32696136751914345
47.60003381414263,-4.565360516497462,-0.30403071136438425,0.9462632206328561,0.13324932398359593,0.04507113533857317,0.2912028978130908,0.28216511943031514,0.007693212702374766,-0.30403071136438425
49.25580727663541,-2.436511202221508,-0.3050570526643243,0.8461873370739079,0.24875237900071023,0.13527926544356975,0.45142968982811,0.5741550606168303,0.004354797945671141,-0.3050570526643243
50.290921937130925,-0.8196985951586686,-0.32160711017045734,0.8401684014953147,-0.2531106246721459,-0.14043720727507658,0.45861689853259985,-0.5873161409788548,-0.0038201978398889553,-0.32160711017045734
50.631753626304516,-0.2532540454096094,-0.3038623670984566,0.8636478791847717,0.07606573435667462,0.04333493962728977,0.49643572377894496,0.17531070012250852,-0.0006712384232532344,-0.3038623670984566
52.10087633459525,2.03218719983606,-0.3212187881016341,0.8398839027753768,-0.25670476421758986,-0.1426577175376278,0.4564498543254749,-0.596130274723774,-0.00528616128845304,-0.3212187881016341
53.13144724460369,3.4619372783279685,-0.36043693783555325,0.8720643949274152,0.26200507559321323,0.12246966344210646,0.39478882076326965,0.5867799116938965,0.006729567031954156,-0.36043693783555325
53.5778765746567,4.275807972572408,-0.3086441473301083,0.7969931286390112,0.3280464325105586,0.19935018014699363,0.466312123683973,0.7878945893932127,0.01181766538675865,-0.3086441473301083
54.92269265597977,6.440853271822807,-0.30811723768792254,0.8465357656676651,-0.12592350001990654,-0.0621369941388015,0.5134778121278379,-0.28076420586971057,0.02411780877999682,-0.30811723768792254
56.31870901921263,8.74626310342403,-0.30128159333012744,0.8553092807852307,-0.11046796260582427,-0.052957169409228885,0.5034266596521598,-0.24477728207971605,0.020636982666020442,-0.30128159333012744
56.61122820969417,9.706645140018347,-0.32211139383792053,0.7769201296090102,0.35463169201531486,0.22584367971984626,0.46864283581131716,0.8677127770949746,0.018534859438565168,-0.32211139383792053
57.75100385598335,13.123443516327676,-0.33161846340398404,0.7086613743103906,0.25581765540902857,0.2175663311106013,0.620500826194944,0.684909082795377,-0.009108548605026757,-0.33161846340398404
58.08971753412871,14.856547481881428,-0.3107122901995727,0.651777749145294,0.2269810399706372,0.22244072321859074,0.6886112821228918,0.6464884130365666,-0.022641516543273246,-0.3107122901995727
58.319034715039734,16.13425878843553,-0.32683275210037255,0.6788360428040088,0.08863955834910897,0.13773523797805987,0.7157888375107537,0.32372180622604096,0.060141123014402845,-0.32683275210037255
58.12472337199427,18.93637169576365,-0.2934085822929899,0.6082516110212346,0.18204006398795278,0.20085195638605205,0.7460227103843623,0.5484046814562916,-0.027278374663948605,-0.2934085822929899
58.07031459456559,19.090882658582437,-0.3178139895194502,0.6211299720635685,0.1816019298750045,0.24068885238222934,0.7233859089095598,0.6116221301809753,0.03626951754278296,-0.3178139895194502
56.8319905060657,21.15303652744704,-0.34264880536435216,0.49018181589441345,0.005404839177550278,0.08119550596560776,0.8678132661413451,0.14711572594508163,0.0702781754579136,-0.34264880536435216
55.06867429743785,23.094435836838844,-0.29181007523537655,0.3979379097864853,0.06802903391201157,0.1553648467258041,0.9015981559994612,0.34085830765056946,0.0009814218192884978,-0.29181007523537655
54.744762164716725,23.32621214890943,-0.31946999576898766,0.3542792814301018,0.015879141389316134,0.01758869942075829,0.9348393879543133,0.04415741855630037,-0.017227122131362068,-0.31946999576898766
54.68534978784864,23.362495401268802,-0.31221601436806057,0.3528802656216574,0.025667983460286828,0.030181943855373167,0.9348292480581586,0.07464123028187412,-0.02669230813202369,-0.31221601436806057
53.42449744023969,24.195530291479493,-0.31242895454059805,0.29942216286335327,0.08288996995261387,0.2261283189780102,0.9232234857409476,0.48617192192740954,-0.01763718766604432,-0.31242895454059805
51.896794736432845,24.984199877926034,-0.3205504066835758,0.26494117338608564,-0.11040275917960612,-0.36857050659145607,0.8841793862566868,-0.7898751095990312,-6.731727880173736e-05,-0.3205504066835758
51.51496200199425,25.15186482695017,-0.33235561471502467,0.2686341947035447,-0.10834827669677942,-0.3565651835184692,0.8882328468792722,-0.7637548102050385,0.000905794785937797,-0.33235561471502467
50.352771390072135,25.761394396515428,-0.3067999208632653,0.2972267063856583,-0.08940721924690771,-0.29274928832929153,0.9044116807850076,-0.6220769470347176,-0.012304257131194584,-0.3067999208632653
48.73495824491849,26.69847373368253,-0.34573890072601415,0.32206599545949754,-0.03588421951556173,-0.13446320024393305,0.9364323067571955,-0.2785869231819894,-0.01940698215295321,-0.34573890072601415
48.59721453949988,26.783612161518374,-0.28067319430190807,0.3302524255969705,-0.026306785308850302,-0.1925492145681579,0.9236699022936803,-0.3835736986583679,-0.0786632203069459,-0.28067319430190807
48.3790733299243,26.933394501733034,-0.3234726979306387,0.31284819194526803,-0.07608655657629733,-0.22029633533761359,0.920764013926346,-0.47045301675649087,0.002276908040335138,-0.3234726979306387
47.613696654008805,27.53262834640065,-0.3056668286514614,0.3028567908029434,-0.027836615390399,-0.05420385162308891,0.9510861315240441,-0.12028017598846294,0.020119385915157325,-0.3056668286514614
46.38254992893373,28.797725666754808,-0.3192251015211409,0.3096362578739593,-0.07661369080675917,-0.2482134834474036,0.9146834407737372,-0.5254061039320114,-0.013557655036992302,-0.3192251015211409
45.19542744955349,29.804053115472108,-0.2996350367495437,0.34474201479611954,-0.0774344379699517,-0.2521290803596674,0.9008816669727372,-0.5328217992249591,-0.034327184392572214,-0.2996350367495437
44.69251224356162,30.211479183153717,-0.31940563844300385,0.3170375063035689,-0.07338595794027326,-0.22510593003760782,0.9183839289947895,-0.4780110150890321,-0.007941160118077136,-0.31940563844300385
44.499161884925314,30.427867055445255,-0.30708545209716837,0.34083081008049715,-0.09138081674269584,-0.26316335775818034,0.8979025294344313,-0.5644407406045125,-0.015286823207940477,-0.30708545209716837
43.998663449384665,31.050719478263794,-0.30685252782735245,0.35967339004794924,-0.046443825778593496,-0.1173001448802757,0.9245099780692093,-0.25298990519879155,0.0014960797377277333,-0.30685252782735245
42.787426774494826,32.261590588887415,-0.3061419749776243,0.28735553060010144,-0.06822768120443237,-0.24014572700030234,0.9247171526226259,-0.5045102714913973,-0.011832067495569868,-0.3061419749776243
42.13352104278315,32.85948019690917,-0.3236636442214556,0.2771977940907641,-0.06358941165330476,-0.1716263040911481,0.9432190527236043,-0.36733191763178,0.024811168964937805,-0.3236636442214556
41.3003507270133,33.439527130219936,-0.3063653010038145,0.27157321230533155,-0.06442368949894989,-0.1792634526062394,0.9433780754020081,-0.3825928640122464,0.02418784752883119,-0.3063653010038145
41.277269313296806,33.45525381674938,-0.3534932565694375,0.2973665054809716,-0.047405976300786544,-0.1771566590720156,0.9369852469358555,-0.36851382374388764,-0.01652426442609078,-0.3534932565694375
41.00003375346529,33.656363711171565,-0.309337585692721,0.30329761923363846,-0.01864695287596104,-0.15721182316799098,0.9396527486108073,-0.31237525549417705,-0.06035726255287397,-0.309337585692721
40.18216956173185,34.20215614354023,-0.30106045925257185,0.2988972906581743,-0.05418306392563227,-0.20874047764422954,0.9295977722723375,-0.434108030971286,-0.02404933356704583,-0.30106045925257185
38.3153366499091,35.49180888631722,-0.29551627717993956,0.22472002841778277,-0.0818101430357819,-0.305411219958412,0.9217006000040848,-0.6432751151580315,0.01354529398865062,-0.29551627717993956
38.05514244739024,35.65508365447951,-0.35087286963873254,0.2802842478583062,-0.07863699220074201,-0.26817415855725313,0.9183352244917067,-0.56644811082916,-0.00589977910639494,-0.35087286963873254
37.19646105464285,36.28208092460244,-0.3497459370467549,0.30360302311793114,-0.0730016113450371,-0.23184754383110326,0.9212723188689464,-0.49102013136112205,-0.006270543981749564,-0.3497459370467549
36.55827210041246,36.95953691132512,-0.34107271926168875,0.36205277156418125,-0.11775621063366545,-0.30642639140455696,0.8724414777569186,-0.6687804865655946,-0.016414980900154863,-0.34107271926168875
36.37783670405669,37.214836226972295,-0.33156748383420664,0.40761380356455157,-0.08659371502310545,-0.22629152955893006,0.8804230002175183,-0.4884961699180037,-0.032006369710046924,-0.33156748383420664
36.13445534887538,37.53019178783438,-0.31652329960042314,0.40476805643881936,-0.09416723983275331,-0.15090256642947597,0.8969524886380656,-0.3547081040328153,0.04678306664900175,-0.31652329960042314
35.624653104068166,38.205593266703154,-0.333631096074236,0.4517062865210271,0.013931133210481469,0.06077273155067655,0.8899854096246326,0.12110986074527041,0.030110388838997883,-0.333631096074236
34.696756179186515,39.20929598577557,-0.32734727641176914,0.41377004798128575,-0.042286127984815354,-0.0816082614281572,0.9057297182053209,-0.18386525632063522,0.009065621250341164,-0.32734727641176914
34.377945510367965,39.45385748129176,-0.2916011316614525,0.3883773466978661,0.022236250616506022,0.04092176878784177,0.9203227665171169,0.09273129700861606,-0.009143006784449475,-0.2916011316614525
33.97210782765101,39.729615249574785,-0.31205238873613506,0.37048473651426905,0.0673056090762974,0.206520634028334,0.9030837407003607,0.43685474067051877,0.03146547488148136,-0.31205238873613506
32.924203947722006,40.35558923154655,-0.34447893780459676,0.314702575897978,0.04832521453965829,0.14690075672729228,0.9365079444595342,0.3105308808941923,0.0019461996472803533,-0.34447893780459676
32.17548339275197,40.68273266653206,-0.29872514282067564,0.2835148758259724,0.03271329585485797,0.11812694644690833,0.9511020870457731,0.24571893901772743,0.004754143092529464,-0.29872514282067564
28.594242463899747,41.99659218889535,-0.3065253009402324,0.05284025562767577,0.01311843695630139,0.23699471569658345,0.9699841847828866,0.47928927882694844,-0.00040363004469547625,-0.3065253009402324
26.50755324365032,41.67423353104702,-0.3079065826048871,-0.09657810330599222,-0.04339274620845088,0.3860270578880766,0.9163912101916852,0.7979037021153418,0.004965960682466928,-0.3079065826048871
24.78688077908879,41.01077662009087,-0.3087787882555736,-0.1920276595181039,-0.09284605931931317,0.36864316552947535,0.9047691439020683,0.7795754013794389,0.026432208416261514,-0.3087787882555736
22.778850549104238,39.118083582981896,-0.31393765765597287,-0.4066736763188525,-0.08740814521697689,0.1717871403607515,0.8930092471781648,0.3875907344497752,0.01639068198038501,-0.31393765765597287
22.268387867845487,37.96792076681675,-0.321573666209862,-0.47545944892528064,-0.19482156775017512,0.2997392802594483,0.8038278628142845,0.7307147750478755,0.028181993167223317,-0.321573666209862
21.96719004813471,36.66122516146423,-0.32289815384465204,0.6252932578159616,0.16871435766288995,-0.20810406202854292,-0.732964191905389,0.5422922116159637,-0.012929328391001388,-0.32289815384465204
21.613543388296517,34.089285097328016,-0.310858614221502,0.6601441316986381,-0.0608778699560222,0.07629938776233539,-0.7447697723193131,-0.19527580546789908,0.01005736102448966,-0.310858614221502
21.64571249975855,33.0086876310044,-0.29744179084459776,0.6627216698601254,0.25906036492618606,-0.25978456997191485,-0.6528397144986093,0.7512841833104034,-0.00607997613750529,-0.29744179084459776
22.043123782921327,31.460801765282124,-0.3075240929608604,0.7496321164095655,0.3125862248549612,-0.21659300294069317,-0.541690883396954,0.7801279932889684,0.013920523755372486,-0.3075240929608604
22.75749714662157,28.937721813699994,-0.3119646170467094,0.7857319143415001,-0.2507362648204262,0.15891281887313158,-0.5426816749135146,-0.6024264901331027,-0.022416082763345876,-0.3119646170467094
23.052573635259094,28.09113811849259,-0.31289628060830516,0.7480711690300189,-0.32216123527860585,0.2185548683606815,-0.5374341206749614,-0.7995610396980317,-0.019292885480817253,-0.31289628060830516
23.555293477814494,26.976947314464383,-0.314008882294674,0.781272396881545,0.24546044911316076,-0.1499803870860849,-0.5539571222410984,0.5824807512701413,0.03760691884907594,-0.314008882294674
23.827096105288337,26.428492697865494,-0.31457370505311344,0.769385469941093,0.2825181568105629,-0.18562284719372849,-0.5420089005870468,0.6894131792123547,0.0206251303745442,-0.31457370505311344
24.269789441690342,25.621110815886432,-0.30096532134405385,0.81189468010702,0.27580408397918443,-0.16042738353358107,-0.48889895713418297,0.6494378380581686,0.009180508550395837,-0.30096532134405385
24.973955706032108,24.39173310233494,-0.3092025115442037,0.848210519184265,0.21618139601500927,-0.1097072730687878,-0.4709233837876093,0.4894427145013852,0.01750091630650422,-0.3092025115442037
25.22989813156408,24.08307690889303,-0.31044390124221877,0.8172015877466522,0.3141146409770427,-0.16482125159756508,-0.45425489797032037,0.7251082970117394,0.01599253307880855,-0.31044390124221877
25.689053701400773,23.556170184524994,-0.32507612760832827,0.8794451415161503,0.23786701274593422,-0.08175138400041936,-0.4041190895329988,0.506393411018763,0.04848047513359171,-0.32507612760832827
25.798240906174193,23.47099066767027,-0.31073302092208915,0.880234459258952,0.2571553189408522,-0.10483387276758974,-0.38479643682611936,0.5626633781332053,0.013348522673345117,-0.31073302092208915
26.825908409504013,22.52220796492489,-0.3081664909541614,0.9187964129238689,0.17904005028930328,-0.06763354123668973,-0.3452296570261886,0.38515307608602856,-0.0006630399011438904,-0.3081664909541614
27.836629263813105,21.602215087669574,-0.3191718488824902,0.9338640797504514,-0.0866038000624972,0.046651732260181336,-0.3438332128281117,-0.19514311834816037,0.027581725401772055,-0.3191718488824902
28.84690119100131,20.755718066413117,-0.30003569919928713,0.942445167324295,0.030527370952974663,-0.003905591597731335,-0.33294133501872786,0.060182791729174144,0.012966398757381911,-0.30003569919928713
30.42938550274427,19.213905784866313,-0.31473027218952737,0.9198168094099121,-0.1789345029120469,0.06284969755246274,-0.3434667324678654,-0.381547784738073,-0.007295746254475935,-0.31473027218952737
30.903593302449824,18.81048993644112,-0.30934058634338424,0.9004854270924703,-0.2847346570275109,0.08794228829149776,-0.31673068151281486,-0.6048568449138474,-0.02198867776322441,-0.30934058634338424
31.139557264335295,18.552120732301812,-0.31012797982634627,0.9253642309212208,-0.018888056333798538,0.008078517789444658,-0.3785221512802578,-0.04108402466831795,0.0006520474146861811,-0.31012797982634627
31.387344117368155,18.306539914040194,-0.32888090044975915,0.9228367970135163,0.05475442633148823,-0.016052250748764967,-0.3809416282330437,0.113540814428544,0.012089559802069667,-0.32888090044975915
32.2452104010888,17.477533007497172,-0.3131496522638893,0.9031835376002247,0.22923131519216824,-0.07668674876215988,-0.3547275632192986,0.48772557380846,0.024107248593188586,-0.3131496522638893
32.75321448849482,16.92586542576822,-0.3019564871772557,0.9062127044791928,0.19801006252379258,-0.07025633345937142,-0.36692587397003834,0.4230050971596406,0.017976634794894752,-0.3019564871772557
33.12080432664613,16.500502430059377,-0.29819753634763607,0.9173873122479869,0.12544244873021923,-0.044161526036047144,-0.37511927569927483,0.26645463198297764,0.013085687121149636,-0.29819753634763607
34.02239012137016,15.58509427560942,-0.303253511603035,0.8962607803912443,0.21001192339499625,-0.09651590092451846,-0.3785449595928342,0.4662796717416319,-0.014009381503241417,-0.303253511603035
34.89227723197223,14.31824682341953,-0.31625282608552097,0.8987699514611474,0.15859333192034722,-0.08614943669356877,-0.3995485001577535,0.3619084103636041,-0.02812930370476921,-0.31625282608552097
35.01034950221661,14.122026775857503,-0.30995281916313483,0.9104017247343014,0.08914700427170635,-0.051517998062950106,-0.400708631184525,0.20509227758055712,-0.022362064160403847,-0.30995281916313483
35.213192718049456,13.793696260136498,-0.3054817504060096,0.9112699251812624,0.05408618075322972,-0.027025148226068926,-0.40734684223033396,0.1208872827080752,-0.0051907630376835595,-0.3054817504060096
36.27409854087682,12.12368976760182,-0.3095779910428148,0.8258779176719736,0.36986167358436023,-0.16580684993663614,-0.3919644065846683,0.8345548500100196,0.016073482993788638,-0.3095779910428148
37.05301201498491,11.205233422444906,-0.304176515028804,0.8677845707558763,0.3487176182047756,-0.1267908254650897,-0.3305602034267115,0.760226295477788,0.01049028192171358,-0.304176515028804
37.508027192500265,10.740022602229892,-0.3239061132099998,0.8686432622787454,0.373540432209935,-0.12542390513214755,-0.30032527769662615,0.8100154943428806,0.00647005296629387,-0.3239061132099998
38.98499810167033,9.529838245397402,-0.3104358443976369,0.9454882725479061,0.1884883648614143,-0.037432958276426155,-0.2629122218933959,0.3857576640096302,0.028330733198665775,-0.3104358443976369
39.67518703110695,9.007141745112381,-0.3245172133482974,0.9533619172189733,0.1632276711389641,-0.037558940454577035,-0.25109183213128045,0.33641934096985565,0.010355928143652219,-0.3245172133482974
39.67518703110695,9.007141745112381,-0.3245172133482974,0.9533619172189733,0.1632276711389641,-0.037558940454577035,-0.25109183213128045,0.33641934096985565,0.010355928143652219,-0.3245172133482974
40.02816421494306,8.749528433616861,-0.30024725607084246,0.9638280641393729,0.05667465050766577,-0.029262270188973056,-0.25878015053432957,0.12476326896886701,-0.027078354299200687,-0.30024725607084246
41.45151426248841,7.533289531095413,-0.2858456118199044,0.9598951894023723,-0.005907061184489346,-2.7142908415751114e-06,-0.2802968640263019,-0.011339102966709771,-0.003316678401460949,-0.2858456118199044
42.18914982246633,6.927209796946756,-0.3152866166805104,0.8951144634355681,0.31660997829207327,-0.1017768029341132,-0.29693383333473267,0.6780260624114396,0.00582068522324979,-0.3152866166805104
42.33065216527763,6.821790483171937,-0.31488657635349887,0.9042072522107729,0.31444505510122406,-0.09271985210477979,-0.2737454682684256,0.6679992230877894,0.00447990729759995,-0.31488657635349887
43.91496832959722,5.725737760335827,-0.32601835369165116,0.8957822758183246,0.34254809277382553,-0.09094961933315157,-0.26825936183088284,0.7243344362320802,0.020842860622278706,-0.32601835369165116
44.47295165849021,5.203032195658816,-0.3079911495435832,0.9679894581144911,0.06512189448477762,-0.02852591817678673,-0.24071107126615202,0.14030738423961475,-0.023876722801262098,-0.3079911495435832
44.541008041527995,5.147686695954664,-0.29850326743073996,0.9685280125625869,0.023431580471888872,-0.0046019398590418726,-0.24775647734759343,0.04768684978727333,0.002696439609121237,-0.29850326743073996
46.458595433341635,3.124497088098007,-0.3267759510413899,0.8794291105508542,-0.26826974837045725,0.11324634996235028,-0.37657807403669963,-0.5909412789250741,-0.0028647406046340778,-0.3267759510413899
47.533894448690205,1.2614340118076721,-0.30273596522944396,0.8641668295560242,-0.22519353926297903,0.10817949311234745,-0.4368074608328685,-0.5049227639949083,-0.009762332053830607,-0.30273596522944396
47.74765545777016,0.7793133006972301,-0.31070002985455897,0.8623323439488243,-0.0682978737430418,0.05802882433941071,-0.49834825631047586,-0.1766351642424341,0.03201347959687308,-0.31070002985455897
48.729962099652994,-2.058558569273464,-0.3167752937656659,0.7521100041934018,0.2922490405806427,-0.1968913455134622,-0.5569154674937601,0.7197470385508863,0.029352335335697175,-0.3167752937656659
49.89849840150358,-3.925553813881816,-0.2988053950533417,0.7949679624182067,0.4152628425761895,-0.20066028562213226,-0.3941042502666418,0.9586759613567034,0.008276800176226973,-0.2988053950533417
50.52453962688591,-4.78136047072925,-0.3040107032144594,0.8893463198990105,0.3008521103487958,-0.11180408333868615,-0.3256546912445126,0.6534698770044104,-0.002917302060113061,-0.3040107032144594
54.44230168365201,-6.65599820914561,-0.31140745357989186,0.9123443768995487,0.4070279377161046,-0.017395756122704345,-0.04066181903540859,0.8392086256744297,0.0013591525490645963,-0.31140745357989186
56.73474330860622,-6.4180975420786845,-0.30372638612250924,0.9259410275051565,0.3611200620129236,0.04399205033777421,0.1014406915471093,0.7446299366534853,0.008203642956270159,-0.30372638612250924
59.12170538382212,-5.722793291313545,-0.3778436314259306,0.9328343164255231,0.32206248697892237,0.06661503652839167,0.14716769172681748,0.6696848890967099,0.029491473360454008,-0.3778436314259306
61.24942821796706,-3.479046579885824,-0.34137504308733113,0.8511937732468435,0.18521519587325652,0.13933958111558462,0.4709022963821325,0.4638796230222633,0.06281474529503302,-0.34137504308733113
62.23399475435373,-1.4329035906229808,-0.3271809265192081,0.8241245496517122,0.1168022783506654,0.07532338277287531,0.5490922895480388,0.2788399204786302,-0.004118774721458272,-0.3271809265192081
62.44780661790524,0.0043322935324005,-0.3153377560676657,0.7512911956422548,0.12082102544361935,0.08948616719756455,0.6426165614435042,0.30114978636325573,-0.020824349806262958,-0.3153377560676657
62.027167344512094,2.4603130926991645,-0.32316299820965966,0.641932736170021,-0.00435855339735208,0.03505481314235323,0.7659468162484309,0.04818746990654507,0.051705540156701535,-0.32316299820965966
61.715113158325465,3.162745603072004,-0.29736883199439357,0.6138003894088633,0.10889698274756658,0.150677664193549,0.7672592590664385,0.37358763515355276,0.017868532161705288,-0.29736883199439357
60.72592654222846,5.017683019539862,-0.3169919367726045,0.5225091300305301,0.06427954171923128,0.14265589772847548,0.8381537116748854,0.31158776174986996,0.041337516930398895,-0.3169919367726045
58.61750141781381,7.189561114026117,-0.29871902300100034,0.37726318910684853,0.011636368407750277,0.032810680028565326,0.925451533226496,0.06956579112208695,0.0032187391582380637,-0.29871902300100034
58.38518393577399,7.3160374830104,-0.29639487773624384,0.30758409928348707,9.284736740956165e-05,0.0009170227372909292,0.9515204529155596,0.0018022496393028953,0.00038743089685749335,-0.29639487773624384
56.38525386055109,7.889972927084251,-0.3452346748131227,0.14599795413755987,0.030330891765835626,0.25263212089434806,0.9560029528640378,0.51433019958115,0.015775355723626844,-0.3452346748131227
52.08651137172099,7.976363740417165,-0.3162870895679628,0.11184150098856804,-0.04154076546590358,-0.2572178059651453,0.9589602931068668,-0.5267637993767386,0.022138446591588087,-0.3162870895679628
52.08651137172099,7.976363740417165,-0.3162870895679628,0.11184150098856804,-0.04154076546590358,-0.2572178059651453,0.9589602931068668,-0.5267637993767386,0.022138446591588087,-0.3162870895679628
46.90477048633315,9.135675020895613,-0.3087769436017988,0.1492449493079118,-0.04831038830345336,-0.31709244932429365,0.9353311873713871,-0.6530336201077793,-0.004276480377070967,-0.3087769436017988
46.90477048633315,9.135675020895613,-0.3087769436017988,0.1492449493079118,-0.04831038830345336,-0.31709244932429365,0.9353311873713871,-0.6530336201077793,-0.004276480377070967,-0.3087769436017988
43.41790590479032,10.24272401863792,-0.30048560255184653,0.2924909672319079,-0.07928368275770055,-0.28714318113781107,0.9086869236773343,-0.6045455001398949,-0.02388775376350306,-0.30048560255184653
42.98743510686852,10.516983417211529,-0.3011740687886294,0.3078720039504648,-0.07856588916082377,-0.2734215169279597,0.9079002722351763,-0.5764313453414479,-0.025700505536902958,-0.3011740687886294
41.91867636611193,11.046675075482417,-0.31301417304051904,0.3229053713528964,-0.03581943390479665,-0.14495973007136861,0.9345778544154703,-0.29860736360048257,-0.026667612287247205,-0.31301417304051904
40.29096941029933,12.016759741800259,-0.31250626529849423,0.26759301943792463,-0.007209773365368313,-0.16237038115052166,0.9497251467878216,-0.3184692166444022,-0.07326929373893173,-0.31250626529849423
39.27011094426551,12.540546210790163,-0.30079526193096934,0.2230831289156933,-0.07103468553427082,-0.29450389165168916,0.9265287091322328,-0.615572360625171,0.000233651730475734,-0.30079526193096934
38.72487269667458,12.850837984978295,-0.31227998159392456,0.2606748766409785,-0.030531275747865138,-0.16192258945124444,0.9512610182882625,-0.33005086073690965,-0.026334921041665026,-0.31227998159392456
37.61657284418649,13.436625248886298,-0.2955320550104272,0.2548284794736754,-0.03361299929898,-0.16884914575825286,0.951536955826714,-0.34537131747473804,-0.022088916317373808,-0.2955320550104272
37.597211483091165,13.45278145580238,-0.29126820190126546,0.2515310927017109,-0.03142742287301371,-0.1734602922542047,0.9516595785820315,-0.35340098578417534,-0.027448344207931834,-0.29126820190126546
36.76345480459437,14.007268725080577,-0.3209259691506612,0.23438743084693142,-0.07895013548778972,-0.3039124386352813,0.9200362155970769,-0.6388007370016275,0.002807460049813116,-0.3209259691506612
36.76345480459437,14.007268725080577,-0.3209259691506612,0.23438743084693142,-0.07895013548778972,-0.3039124386352813,0.9200362155970769,-0.6388007370016275,0.002807460049813116,-0.3209259691506612
35.565554462582575,14.929004507297732,-0.31878947248856443,0.2602315455041308,-0.12234837837359012,-0.4119104590953593,0.8646618938762912,-0.8883107763568234,-0.002804233320284733,-0.31878947248856443
34.64497437145914,15.892431614524723,-0.3335783910629411,0.37889933883867727,-0.1297213819838726,-0.31765931644840123,0.8594767086764725,-0.7002980719610733,-0.017737727204817685,-0.3335783910629411
34.483230435828844,16.04718439166968,-0.28808390096881414,0.402547306325709,-0.11489989694969054,-0.25371123845632126,0.8720001647544718,-0.5644861935915761,-0.003876102815365487,-0.28808390096881414
33.80406608112982,16.837185368824517,-0.31979647800938305,0.449392689683897,0.05031817842758536,0.15091695903735625,0.8790553809933248,0.3161399673269912,0.04719454290994123,-0.31979647800938305
33.79853242165779,16.848501942828715,-0.3214908200861984,0.44787094045836756,0.04805629437301964,0.1470699132658884,0.8806092515276199,0.3072136159018285,0.047116476763112744,-0.3214908200861984
33.26021599882613,17.739318753636045,-0.29143008448041924,0.3752895621049307,0.02167348064436403,0.027349610194093165,0.9262505080344512,0.0669958385643428,-0.019623357838811438,-0.29143008448041924
32.98106413303544,18.128720994030978,-0.3167681149333627,0.34611574194687683,0.0362226029945688,0.07544041694557421,0.9344520103782424,0.16685840483928024,-0.015474954245692752,-0.3167681149333627
32.480394147655836,18.72872197023362,-0.2975366502561142,0.33044946862162633,-0.08343532862711851,-0.2457168820708025,0.9074496727036563,-0.5248969927484939,-0.010967522787052706,-0.2975366502561142
31.303722358676858,20.03322500681148,-0.3168283866051937,0.41762171743131443,-0.05998431930987449,-0.17900537783881612,0.8887919088692432,-0.37754311215291037,-0.04289906818503529,-0.3168283866051937
30.868876082042696,20.537188094837862,-0.31889911975803154,0.40933696016348553,-0.07876936448861013,-0.15440570884708937,0.8957664412879093,-0.34813601942105127,0.014710510189378448,-0.31889911975803154
30.145215390342226,21.316721091901538,-0.28750249787480675,0.38754523557029563,0.015834619545496618,-0.019540412827303438,0.9215075297994868,-0.023765609219092616,-0.044343561145267545,-0.28750249787480675
30.132541780206513,21.328586900207277,-0.2912446368878711,0.3847848734889762,0.008876876751161162,-0.041596357097926855,0.9220257834081425,-0.07001355874699472,-0.04839961046977692,-0.2912446368878711
28.908265990244278,22.462665771336592,-0.34550562361599574,0.3586882773161415,0.03978164478429239,0.03188981614818446,0.9320639356182976,0.0882154026074328,-0.051303569054320236,-0.34550562361599574
28.099549769161072,23.13762220388606,-0.3102849545584955,0.3088351947443845,0.009657799584394259,-0.01646534844474613,0.9509239936477463,-0.025362300535127374,-0.028541699878034933,-0.3102849545584955
27.494965972244575,23.57899987108501,-0.33431229436670873,0.31018650768001754,-0.09068407761823821,-0.22532676758386377,0.9191238090322823,-0.49001012732594257,0.026916393432719423,-0.33431229436670873
26.45382230357539,24.465028615896347,-0.3196452183187159,0.3697717104875997,-0.008648670591773723,-0.05526425640131623,0.9274372995434675,-0.1091545430825714,-0.024830669369914963,-0.3196452183187159
25.563289665987273,25.146006271787346,-0.3052699230982993,0.37145365699591876,-0.008150990251713806,0.011313021533830774,0.9283467873623789,0.014954084590372016,0.023540591815542432,-0.3052699230982993
25.563289665987273,25.146006271787346,-0.3052699230982993,0.37145365699591876,-0.008150990251713806,0.011313021533830774,0.9283467873623789,0.014954084590372016,0.023540591815542432,-0.3052699230982993
25.270624501008133,25.321180080444364,-0.30589154249867856,0.32241595432873354,0.09743015785189456,0.29794079112243266,0.8931890067172714,0.6374624690098979,0.018075621460448957,-0.30589154249867856
21.584295560893416,26.873322998742566,-0.30235577287986626,0.05407442284781042,-0.0021127940108499354,-0.02514516603656753,0.9982180190319835,-0.05045066755897728,0.0014986379835560746,-0.30235577287986626
18.968803214899012,26.170889579483845,-0.3225598174945789,-0.17700367411468992,-0.04651654792833227,0.11963865072525831,0.9758035167857161,0.25293687968365286,0.04844801134239745,-0.3225598174945789
18.057016678173554,25.916559651088804,-0.3196533567449587,-0.1994534664111387,-0.09353046026700616,0.3842738278925256,0.8965511658213648,0.8131096635687645,0.01442069214315206,-0.3196533567449587
17.37334729900404,25.566819793314984,-0.31235759540398783,-0.2692650283440238,-0.09798982830573967,0.3183091715956238,0.9036446255788897,0.6790542230293046,0.005676937688360256,-0.31235759540398783
15.264179204898955,23.63154441998109,-0.2991321091161191,-0.38325930676411296,-0.20534783923086414,0.4178023382656283,0.7977379111222432,0.9684682975395139,0.007374310422981347,-0.2991321091161191
14.561720275282271,22.21217357598257,-0.31269404753340363,0.5631175789697862,0.07220342531525675,-0.08485636412731157,-0.8188312738867782,0.22216382897242642,0.02267856875206032,-0.31269404753340363
14.058643487076154,21.056621263763127,-0.3106065945566257,0.5598984474292009,-0.14144331368144827,0.176226091567581,-0.7971523582302172,-0.45506450113528796,-0.02817003756288064,-0.3106065945566257
13.76768268362706,18.238836131238948,-0.3281886698556172,0.6466624012151574,0.2552993706575075,-0.250745231986395,-0.6736295709309504,0.7316966039736493,0.01966064999469294,-0.3281886698556172
13.812145419566745,17.343655178085594,-0.33618815688144865,0.7057883235070608,0.12913980323195862,-0.0728534805802318,-0.692732361009394,0.2880153899612414,0.07615395659889346,-0.33618815688144865
14.247658284108677,15.562629930696176,-0.3013363406343129,0.7237692907847818,0.24408907522518197,-0.20633402335579237,-0.6115593249051319,0.6506444932364933,-0.00012655937546225815,-0.3013363406343129
15.43052937148771,13.040673759939175,-0.29817584863548446,0.8089219320449208,0.296245314286025,-0.1818989698533791,-0.47412739468055004,0.7099864277609605,-0.013368492355709926,-0.29817584863548446
15.43649852209871,13.029817112289019,-0.29817584863548446,0.8087969732587338,0.29451799728749517,-0.17724653632640824,-0.4771690168918822,0.7017745461744143,-0.0056432277098479285,-0.29817584863548446
16.998407410340924,10.84245260334435,-0.30313414925766163,0.8987432142614186,-0.03222167025142509,0.014113329444315386,-0.43706202387905846,-0.07031301315924111,-0.002797222336061936,-0.30313414925766163
17.419441819458687,10.191185096725112,-0.29163574164355516,0.8764689052211158,-0.17812027927139276,0.07940497377685238,-0.4401934511465129,-0.3921761177246093,-0.017623692322266085,-0.29163574164355516
17.772483649492006,9.693420910520333,-0.32494737430770876,0.9040123967852579,-0.02251776140142357,0.015413535480100259,-0.42663445688791435,-0.05389266289165146,0.008654456528453912,-0.32494737430770876
18.736534640272335,8.747048050911332,-0.30319932323908455,0.8850045339252638,0.30232773825875875,-0.12107631204797496,-0.3327242706385143,0.6633322723983068,-0.013122994470037392,-0.30319932323908455
19.371492750215083,8.276239233936098,-0.32039240575613237,0.8649669417372249,0.33473116565546157,-0.11630852672966399,-0.3553302169119072,0.7237030327589926,0.03668236012234382,-0.32039240575613237
19.711422840573317,8.06319246303769,-0.3093582318357653,0.883573882420984,0.38040688675195106,-0.11193100072155619,-0.24911693216774458,0.8154408211330213,-0.008267118704761607,-0.3093582318357653
20.699847781228115,7.283871723255927,-0.2973636013162372,0.9515001733064369,-0.058307011378078095,0.02379623216510687,-0.30113361146959633,-0.12562661072851644,0.010168011445982688,-0.2973636013162372
21.66314380168248,6.434220451550071,-0.3079787636175461,0.9341208272307511,0.08671909175682452,-0.02402442477475703,-0.34542858346241534,0.1795937123315856,0.015027640569647251,-0.3079787636175461
21.73577673458143,6.346769719494751,-0.30593213626724297,0.9338921333466973,0.08720408814270875,-0.03376900155846604,-0.3451095258292613,0.18728005888148486,-0.002883290789214443,-0.30593213626724297
22.639753752112814,5.62200194633383,-0.29576591871211944,0.9422205903703812,0.014811202679173505,-0.011623499434116932,-0.3344635729316298,0.035696262961882996,-0.011996473207060085,-0.29576591871211944
22.64939275800171,5.614134277123635,-0.2891219686009567,0.941834925420606,0.015409138693454108,-0.01467303190079571,-0.3354016008273153,0.03888406416956241,-0.01730351170717369,-0.2891219686009567
23.93370861192959,4.625466567903003,-0.30411655712906,0.9304250899074064,0.22420440846111833,-0.0642759641812788,-0.28268380874390714,0.47075799128236845,0.007150033659107913,-0.30411655712906
24.35315766452701,4.313418863111121,-0.3208449639584179,0.9125716012117427,0.22866467824432057,-0.0725788715977158,-0.331146259201066,0.4841972598656642,0.018977210525494247,-0.3208449639584179
26.280991812573323,3.074751129901897,-0.30484522162370475,0.9626350806009194,0.07899690166988141,-0.016238148197487534,-0.2585140492625829,0.16119043427119328,0.009580942240850003,-0.30484522162370475
26.570525525799713,2.8808686957400664,-0.3109407127309294,0.9713062117113187,0.026121272468988325,0.00709376559562028,-0.2362871149793874,0.047425133747647924,0.02612764998721563,-0.3109407127309294
27.03720473183241,2.542226940119938,-0.31248583124230644,0.9606740700817081,-0.07069831530444613,0.011955921447174354,-0.26826131891889954,-0.14275095138478552,-0.014960317222604264,-0.31248583124230644
27.357569439318723,2.3527033111267768,-0.31675831683720235,0.9659918141819213,-0.00816183177249346,-0.007159462614959537,-0.2583446177699524,-0.01207156766676575,-0.01805007529794025,-0.31675831683720235
27.92999009389144,1.9247013574995142,-0.3268702774538422,0.9227005555452165,0.2599765688759944,-0.07111435168933188,-0.27564219092116554,0.5456843680700235,0.012086812738019127,-0.3268702774538422
28.885495554040553,1.4497019078248805,-0.3168320430407736,0.9020917311981804,0.32123537437146715,-0.09234405496494195,-0.2729668812675355,0.6815602969274046,0.008767732105006093,-0.3168320430407736
31.33224843489804,0.19341357178913737,-0.32069388044824165,0.9352907354040411,0.28338030034933326,-0.04981507166166499,-0.20602258195798182,0.5832807018176933,0.023584518630811638,-0.32069388044824165
31.33224843489804,0.19341357178913737,-0.32069388044824165,0.9352907354040411,0.28338030034933326,-0.04981507166166499,-0.20602258195798182,0.5832807018176933,0.023584518630811638,-0.32069388044824165
33.73045804293628,-1.0792835981660245,-0.29586038243889884,0.9755490228270076,-0.0074036674678838775,-0.0007169330172162165,-0.21965603969921732,-0.014130946930677003,-0.004651343931199142,-0.29586038243889884
33.73045804293628,-1.0792835981660245,-0.29586038243889884,0.9755490228270076,-0.0074036674678838775,-0.0007169330172162165,-0.21965603969921732,-0.014130946930677003,-0.004651343931199142,-0.29586038243889884
34.72408130111647,-1.5797608601416337,-0.306966084595904,0.9610793425423217,0.06578363932508167,-0.008979053840221268,-0.2681760368260011,0.1316639323771042,0.018025001081506384,-0.306966084595904
35.84355471037135,-1.986990198709262,-0.31521638309248,0.8879550536420617,0.3986810285367283,-0.08040932057971366,-0.21476405975006274,0.8373329602095776,0.028448824616302718,-0.31521638309248
36.75390087032767,-2.1637295396761784,-0.32287728405277455,0.9315805129376236,0.3291868876376279,-0.0424913766442991,-0.1482842669779853,0.6764599462063097,0.01845924405874244,-0.32287728405277455
39.54423872160943,-1.8705120616151159,-0.3246438648985937,0.9494694149739046,0.2962448031111516,0.031252057682971526,0.09884409719010331,0.6049599035533496,0.0007816457079936821,-0.3246438648985937
40.68011491556432,-1.3726200978353857,-0.32937301924197404,0.930075403373236,0.33981998946234976,0.04759197094602082,0.13121403546646226,0.700507854738553,-0.0006500611949396504,-0.32937301924197404
41.81801145880141,-0.6740096756638517,-0.31745378019196213,0.8989428321592912,0.3465855491589609,0.10027088939944984,0.24844715808931547,0.7382128487820224,0.008059292397511627,-0.31745378019196213
